"time",CL3-C.01(LPV_4BP8C3DSMSAP1),CL3-C.02(LPV_4BP8C4DSMSAP2),CL3-C.03(LPV_4BP8C3DSMSDB1),CL3-C.04(LPV_4BP8C4DSMSDB2),CL3-C.05(LPV_4BP8E1AMLERAAP1),CL3-C.06(LPV_4BP8E2AMLERAAP2),CL3-C.07(LPV_4BP8E1AMLERADB1),CL3-C.08(LPV_4BP8E2AMLERADB2),CL3-C.09(LPV_4BP8C3DSMSIMG1),CL3-C.0A(LPV_4BP8C4DSMSIMG2)
"2020/08/09 00:13",0,0,0,0,0,0,0,0,0,0
"2020/08/09 00:14",0,0,0,0,0,0,0,0,0,0
"2020/08/09 00:15",0,0,0,0,0,0,0,0,0,0
"2020/08/09 00:16",0,0,0,0,0,0,0,0,0,0
"2020/08/09 00:17",0,0,0,0,0,0,0,0,0,0
"2020/08/09 00:18",0,0,0,0,0,0,0,0,0,0
"2020/08/09 00:19",0,0,0,0,0,0,0,0,0,0
"2020/08/09 00:20",0,0,0,0,0,0,0,0,0,0
"2020/08/09 00:21",0,0,0,0,0,0,0,0,0,0
"2020/08/09 00:22",0,0,0,0,0,0,0,0,0,0
"2020/08/09 00:23",0,0,0,0,0,0,0,0,0,0
"2020/08/09 00:24",0,0,0,0,0,0,0,0,0,0
"2020/08/09 00:25",0,0,0,0,0,0,0,0,0,0
"2020/08/09 00:26",0,0,0,0,0,0,0,0,0,0
"2020/08/09 00:27",0,0,0,0,0,0,0,0,0,0
"2020/08/09 00:28",0,0,0,0,0,0,0,0,0,0
"2020/08/09 00:29",0,0,0,0,0,0,0,0,0,0
"2020/08/09 00:30",0,0,0,0,0,0,0,0,0,0
"2020/08/09 00:31",0,0,0,0,0,0,0,0,0,0
"2020/08/09 00:32",0,0,0,0,0,0,0,0,0,0
"2020/08/09 00:33",0,0,0,0,0,0,0,0,0,0
"2020/08/09 00:34",0,0,0,0,0,0,0,0,0,0
"2020/08/09 00:35",0,0,0,0,0,0,0,0,0,0
"2020/08/09 00:36",0,0,0,0,0,0,0,0,0,0
"2020/08/09 00:37",0,0,0,0,0,0,0,0,0,0
"2020/08/09 00:38",0,0,0,0,0,0,0,0,0,0
"2020/08/09 00:39",0,0,0,0,0,0,0,0,0,0
"2020/08/09 00:40",0,0,0,0,0,0,0,0,0,0
"2020/08/09 00:41",0,0,0,0,0,0,0,0,0,0
"2020/08/09 00:42",0,0,0,0,0,0,0,0,0,0
"2020/08/09 00:43",0,0,0,0,0,0,0,0,0,0
"2020/08/09 00:44",0,0,0,0,0,0,0,0,0,0
"2020/08/09 00:45",0,0,0,0,0,0,0,0,0,0
"2020/08/09 00:46",0,0,0,0,0,0,0,0,0,0
"2020/08/09 00:47",0,0,0,0,0,0,0,0,0,0
"2020/08/09 00:48",0,0,0,0,0,0,0,0,0,0
"2020/08/09 00:49",0,0,0,0,0,0,0,0,0,0
"2020/08/09 00:50",0,0,0,0,0,0,0,0,0,0
"2020/08/09 00:51",0,0,0,0,0,0,0,0,0,0
"2020/08/09 00:52",0,0,0,0,0,0,0,0,0,0
"2020/08/09 00:53",0,0,0,0,0,0,0,0,0,0
"2020/08/09 00:54",0,0,0,0,0,0,0,0,0,0
"2020/08/09 00:55",0,0,0,0,0,0,0,0,0,0
"2020/08/09 00:56",0,0,0,0,0,0,0,0,0,0
"2020/08/09 00:57",0,0,0,0,0,0,0,0,0,0
"2020/08/09 00:58",0,0,0,0,0,0,0,0,0,0
"2020/08/09 00:59",0,0,0,0,0,0,0,0,0,0
"2020/08/09 01:00",0,0,0,0,0,0,0,0,0,0
"2020/08/09 01:01",0,0,0,0,0,0,0,0,0,0
"2020/08/09 01:02",0,0,0,0,0,0,0,0,0,0
"2020/08/09 01:03",0,0,0,0,0,0,0,0,0,0
"2020/08/09 01:04",0,0,0,0,0,0,0,0,0,0
"2020/08/09 01:05",0,0,0,0,0,0,0,0,0,0
"2020/08/09 01:06",0,0,0,0,0,0,0,0,0,0
"2020/08/09 01:07",0,0,0,0,0,0,0,0,0,0
"2020/08/09 01:08",0,0,0,0,0,0,0,0,0,0
"2020/08/09 01:09",112237,112237,3600,3600,113,113,4140,0,0,0
"2020/08/09 01:10",100847,100847,2112,2112,0,0,3956,0,0,0
"2020/08/09 01:11",73445,73445,2612,2612,100,100,4704,4704,0,0
"2020/08/09 01:12",60081,60081,420,420,1,1,5720,5720,0,0
"2020/08/09 01:13",83498,83498,2674,2674,100,100,3958,3958,0,0
"2020/08/09 01:14",4865,4865,473,473,0,0,1370,1370,0,0
"2020/08/09 01:15",5389,5389,2611,2611,87,87,323,323,0,0
"2020/08/09 01:16",4957,4957,222,222,12,12,4796,4796,0,0
"2020/08/09 01:17",4735,4735,2904,2904,75,75,5563,5563,0,0
"2020/08/09 01:18",5764,5764,107,107,25,25,1225,1225,0,0
"2020/08/09 01:19",5689,5689,2974,2974,75,75,317,317,0,0
"2020/08/09 01:20",3953,3953,107,107,25,25,1220,1220,0,0
"2020/08/09 01:21",4947,4947,2693,2693,75,75,321,321,0,0
"2020/08/09 01:22",10341,10341,396,396,25,25,10052,10052,0,0
"2020/08/09 01:23",104,104,2687,2687,75,75,3957,3957,0,0
"2020/08/09 01:24",32,32,391,391,25,25,1222,1222,0,0
"2020/08/09 01:25",88,88,2687,2687,75,75,135819,135819,0,0
"2020/08/09 01:26",32,32,100,100,25,25,390708,390708,0,0
"2020/08/09 01:27",57,57,4950,4950,75,75,406565,406565,0,0
"2020/08/09 01:28",57,57,108,108,25,25,676831,676831,0,0
"2020/08/09 01:29",56,56,2976,2976,75,75,1451378,1451378,0,0
"2020/08/09 01:30",58,58,2028,2028,25,25,1321486,1321486,0,0
"2020/08/09 01:31",57,57,3358,3358,75,75,524142,524142,0,0
"2020/08/09 01:32",57,57,388,388,25,25,193367,193367,0,0
"2020/08/09 01:33",56,56,2702,2702,75,75,386019,386019,0,0
"2020/08/09 01:34",32,32,388,388,25,25,418570,418570,0,0
"2020/08/09 01:35",98,98,2690,2690,75,75,882009,882009,0,0
"2020/08/09 01:36",32,32,122,122,25,25,1476523,1476523,0,0
"2020/08/09 01:37",88,88,2962,2962,75,75,1171471,1171471,0,0
"2020/08/09 01:38",5,5,768,768,25,25,391958,391958,0,0
"2020/08/09 01:39",113,113,3089,3089,75,75,403543,403543,0,0
"2020/08/09 01:40",9,9,97,97,25,25,732296,732296,0,0
"2020/08/09 01:41",134,134,2698,2698,75,75,686927,686927,0,0
"2020/08/09 01:42",32,32,378,378,25,25,1124653,1124653,0,0
"2020/08/09 01:43",88,88,2706,2706,75,75,1560581,1560581,0,0
"2020/08/09 01:44",32,32,381,381,25,25,1562320,1562320,0,0
"2020/08/09 01:45",83,83,2641,2641,75,75,1414105,1414105,0,0
"2020/08/09 01:46",36,36,148,148,25,25,1326096,1326096,0,0
"2020/08/09 01:47",71,71,4569,4569,75,75,718331,718331,0,0
"2020/08/09 01:48",21,21,448,448,25,25,281249,281249,0,0
"2020/08/09 01:49",190,190,2875,2875,75,75,1489,1489,0,0
"2020/08/09 01:50",27,27,2130,2130,25,25,26649,26649,0,0
"2020/08/09 01:51",113,113,2606,2606,75,75,2276,2276,0,0
"2020/08/09 01:52",71,71,208,208,25,25,14185,14185,0,0
"2020/08/09 01:53",103,103,2876,2876,75,75,7158,7158,0,0
"2020/08/09 01:54",13,13,496,496,25,25,3954,3954,0,0
"2020/08/09 01:55",144,144,1425,1425,75,75,10134,10134,0,0
"2020/08/09 01:56",90,90,1373,1373,25,25,469,469,0,0
"2020/08/09 01:57",36,36,1433,1433,75,75,1315,1315,0,0
"2020/08/09 01:58",156,156,1660,1660,25,25,428,428,0,0
"2020/08/09 01:59",36,36,2874,2874,75,75,1345,1345,0,0
"2020/08/09 02:00",11610,11610,215,215,25,25,11622,11622,0,0
"2020/08/09 02:01",35,35,2344,2344,75,75,1214,1214,0,0
"2020/08/09 02:02",57,57,1386,1386,25,25,328,328,0,0
"2020/08/09 02:03",57,57,1716,1716,75,75,1224,1224,0,0
"2020/08/09 02:04",56,56,1663,1663,25,25,323,323,0,0
"2020/08/09 02:05",57,57,1429,1429,75,75,13707,13707,0,0
"2020/08/09 02:06",100,100,1379,1379,25,25,320,320,0,0
"2020/08/09 02:07",43,43,3356,3356,112,112,1230,1230,0,0
"2020/08/09 02:08",71,71,2312,2312,25,25,294,294,0,0
"2020/08/09 02:09",2,2,1713,1713,75,75,4019,4019,0,0
"2020/08/09 02:10",150,150,5110,5110,50,50,11858,11858,0,0
"2020/08/09 02:11",0,0,1422,1422,87,87,4203,4203,0,0
"2020/08/09 02:12",113,113,1383,1383,37,37,383065,383065,0,0
"2020/08/09 02:13",3,3,1687,1687,75,75,398724,398724,0,0
"2020/08/09 02:14",88,88,1685,1685,25,25,594854,594854,0,0
"2020/08/09 02:15",32,32,239,239,75,75,1204533,1204533,0,0
"2020/08/09 02:16",88,88,2560,2560,25,25,1463953,1463953,0,0
"2020/08/09 02:17",32,32,249,249,75,75,910970,910970,0,0
"2020/08/09 02:18",88,88,2848,2848,25,25,253632,253632,0,0
"2020/08/09 02:19",32,32,523,523,75,75,294884,294884,0,0
"2020/08/09 02:20",88,88,2559,2559,25,25,688694,688694,0,0
"2020/08/09 02:21",0,0,238,238,75,75,715282,715282,0,0
"2020/08/09 02:22",113,113,2562,2562,25,25,1288942,1288942,0,0
"2020/08/09 02:23",0,0,520,520,75,75,1585459,1585459,0,0
"2020/08/09 02:24",113,113,2684,2684,25,25,1533948,1533948,0,0
"2020/08/09 02:25",0,0,385,385,75,75,1566818,1566818,0,0
"2020/08/09 02:26",113,113,5835,5835,25,25,1474334,1474334,0,0
"2020/08/09 02:27",1,1,2293,2293,75,75,363906,363906,0,0
"2020/08/09 02:28",88,88,2843,2843,25,25,565215,565215,0,0
"2020/08/09 02:29",32,32,236,236,75,75,816171,816171,0,0
"2020/08/09 02:30",88,88,4207,4207,25,25,877059,877059,0,0
"2020/08/09 02:31",32,32,1179,1179,50,50,1533791,1533791,0,0
"2020/08/09 02:32",88,88,2840,2840,50,50,1565403,1565403,0,0
"2020/08/09 02:33",32,32,519,519,62,62,1507367,1507367,0,0
"2020/08/09 02:34",60,60,2555,2555,50,50,1177059,1177059,0,0
"2020/08/09 02:35",27,27,517,517,50,50,530293,530293,0,0
"2020/08/09 02:36",88,88,2557,2557,50,50,227387,227387,0,0
"2020/08/09 02:37",32,32,258,258,50,50,558888,558888,0,0
"2020/08/09 02:38",88,88,3499,3499,50,50,560166,560166,0,0
"2020/08/09 02:39",32,32,242,242,50,50,578827,578827,0,0
"2020/08/09 02:40",87,87,2846,2846,50,50,975377,975377,0,0
"2020/08/09 02:41",32,32,232,232,50,50,1232042,1232042,0,0
"2020/08/09 02:42",56,56,2569,2569,50,50,321988,321988,0,0
"2020/08/09 02:43",57,57,524,524,50,50,363779,363779,0,0
"2020/08/09 02:44",56,56,2554,2554,50,50,631381,631381,0,0
"2020/08/09 02:45",57,57,523,523,50,50,635622,635622,0,0
"2020/08/09 02:46",56,56,2554,2554,50,50,1009088,1009088,0,0
"2020/08/09 02:47",32,32,553,553,50,50,1498095,1498095,0,0
"2020/08/09 02:48",88,88,4466,4466,50,50,1410873,1410873,0,0
"2020/08/09 02:49",32,32,232,232,50,50,542359,542359,0,0
"2020/08/09 02:50",100,100,2843,2843,50,50,410800,410800,0,0
"2020/08/09 02:51",32,32,2163,2163,50,50,107869,107869,0,0
"2020/08/09 02:52",89,89,2564,2564,50,50,204821,204821,0,0
"2020/08/09 02:53",40,40,536,536,50,50,587149,587149,0,0
"2020/08/09 02:54",58,58,3150,3150,50,50,1123047,1123047,0,0
"2020/08/09 02:55",57,57,520,520,50,50,1380382,1380382,0,0
"2020/08/09 02:56",56,56,2554,2554,50,50,1502108,1502108,0,0
"2020/08/09 02:57",57,57,246,246,50,50,1599678,1599678,0,0
"2020/08/09 02:58",56,56,2634,2634,50,50,1549060,1549060,0,0
"2020/08/09 02:59",32,32,412,412,50,50,1601130,1601130,0,0
"2020/08/09 03:00",85,85,2874,2874,50,50,1178871,1178871,0,0
"2020/08/09 03:01",755,755,490,490,50,50,410741,410741,0,0
"2020/08/09 03:02",245,245,2078,2078,50,50,555149,555149,0,0
"2020/08/09 03:03",1878,1878,1402,1402,50,50,829383,829383,0,0
"2020/08/09 03:04",2299,2299,1663,1663,50,50,877327,877327,0,0
"2020/08/09 03:05",221,221,1710,1710,50,50,1208679,1208679,0,0
"2020/08/09 03:06",293,293,175,175,50,50,1422912,1422912,0,0
"2020/08/09 03:07",339,339,2630,2630,50,50,803481,803481,0,0
"2020/08/09 03:08",624,624,2698,2698,50,50,862543,862543,0,0
"2020/08/09 03:09",2561,2561,2960,2960,50,50,1032016,1032016,0,0
"2020/08/09 03:10",29681,29681,401,401,50,50,1118034,1118034,0,0
"2020/08/09 03:11",98974,98974,4596,4596,50,50,612864,612864,0,0
"2020/08/09 03:12",88,88,157,157,50,50,612420,612420,0,0
"2020/08/09 03:13",0,0,2674,2674,50,50,622227,622227,0,0
"2020/08/09 03:14",113,113,402,402,50,50,604953,604953,0,0
"2020/08/09 03:15",4,4,2967,2967,50,50,383895,383895,0,0
"2020/08/09 03:16",113,113,114,114,50,50,307650,307650,0,0
"2020/08/09 03:17",0,0,2693,2693,50,50,738624,738624,0,0
"2020/08/09 03:18",113,113,115,115,50,50,822535,822535,0,0
"2020/08/09 03:19",0,0,2961,2961,50,50,966304,966304,0,0
"2020/08/09 03:20",88,88,400,400,50,50,1036016,1036016,0,0
"2020/08/09 03:21",32,32,2647,2647,50,50,1413652,1413652,0,0
"2020/08/09 03:22",88,88,153,153,50,50,1040247,1040247,0,0
"2020/08/09 03:23",40,40,2582,2582,50,50,625145,625145,0,0
"2020/08/09 03:24",88,88,492,492,50,50,609353,609353,0,0
"2020/08/09 03:25",17,17,2871,2871,50,50,433140,433140,0,0
"2020/08/09 03:26",98,98,323,323,50,50,683112,683112,0,0
"2020/08/09 03:27",2,2,2707,2707,50,50,833489,833489,0,0
"2020/08/09 03:28",88,88,2200,2200,50,50,861551,861551,0,0
"2020/08/09 03:29",32,32,2899,2899,50,50,1202287,1202287,0,0
"2020/08/09 03:30",88,88,495,495,50,50,1427031,1427031,0,0
"2020/08/09 03:31",32,32,4509,4509,50,50,591369,591369,0,0
"2020/08/09 03:32",56,56,874,874,50,50,808355,808355,0,0
"2020/08/09 03:33",57,57,2583,2583,50,50,782968,782968,0,0
"2020/08/09 03:34",56,56,493,493,50,50,895155,895155,0,0
"2020/08/09 03:35",57,57,2868,2868,50,50,1135696,1135696,0,0
"2020/08/09 03:36",56,56,204,204,50,50,1159406,1159406,0,0
"2020/08/09 03:37",32,32,2605,2605,50,50,1009080,1009080,0,0
"2020/08/09 03:38",73,73,859,859,50,50,934858,934858,0,0
"2020/08/09 03:39",47,47,2870,2870,50,50,889600,889600,0,0
"2020/08/09 03:40",88,88,493,493,50,50,419078,419078,0,0
"2020/08/09 03:41",32,32,7281,7281,50,50,754669,754669,0,0
"2020/08/09 03:42",63,63,3030,3030,50,50,802314,802314,0,0
"2020/08/09 03:43",61,61,9181,9181,50,50,842718,842718,0,0
"2020/08/09 03:44",31,31,492,492,50,50,640099,640099,0,0
"2020/08/09 03:45",88,88,2873,2873,50,50,612899,612899,0,0
"2020/08/09 03:46",31,31,203,203,50,50,625412,625412,0,0
"2020/08/09 03:47",107,107,2598,2598,50,50,517579,517579,0,0
"2020/08/09 03:48",31,31,2136,2136,50,50,521343,521343,0,0
"2020/08/09 03:49",88,88,2869,2869,50,50,792875,792875,0,0
"2020/08/09 03:50",31,31,492,492,50,50,786483,786483,0,0
"2020/08/09 03:51",65,65,4509,4509,50,50,839541,839541,0,0
"2020/08/09 03:52",160,160,215,215,51,51,1110225,1110225,0,0
"2020/08/09 03:53",411,411,2584,2584,50,50,1054745,1054745,0,0
"2020/08/09 03:54",75,75,489,489,50,50,407036,407036,0,0
"2020/08/09 03:55",48,48,2870,2870,50,50,417785,417785,0,0
"2020/08/09 03:56",89,89,203,203,50,50,410493,410493,0,0
"2020/08/09 03:57",79,79,2601,2601,50,50,477842,477842,0,0
"2020/08/09 03:58",63,63,202,202,50,50,786012,786012,0,0
"2020/08/09 03:59",82,82,2870,2870,50,50,822019,822019,0,0
"2020/08/09 04:00",63,63,757,757,50,50,779883,779883,0,0
"2020/08/09 04:01",63,63,2589,2589,50,50,1136304,1136304,0,0
"2020/08/09 04:02",63,63,879,879,50,50,1146210,1146210,0,0
"2020/08/09 04:03",63,63,2591,2591,50,50,466487,466487,0,0
"2020/08/09 04:04",63,63,495,495,50,50,471975,471975,0,0
"2020/08/09 04:05",31,31,2872,2872,50,50,509645,509645,0,0
"2020/08/09 04:06",4027,4027,206,206,50,50,1072116,1072116,0,0
"2020/08/09 04:07",6676,6676,2594,2594,50,50,1206338,1206338,0,0
"2020/08/09 04:08",3805,3805,1150,1150,50,50,1316587,1316587,0,0
"2020/08/09 04:09",4863,4863,4478,4478,50,50,1298410,1298410,0,0
"2020/08/09 04:10",4508,4508,518,518,50,50,610204,610204,0,0
"2020/08/09 04:11",3304,3304,3322,3322,50,50,411842,411842,0,0
"2020/08/09 04:12",9766,9766,1407,1407,50,50,786313,786313,0,0
"2020/08/09 04:13",2433,2433,1397,1397,50,50,804851,804851,0,0
"2020/08/09 04:14",2109,2109,1681,1681,50,50,1009894,1009894,0,0
"2020/08/09 04:15",6162,6162,1689,1689,50,50,1471492,1471492,0,0
"2020/08/09 04:16",4050,4050,1849,1849,50,50,622075,622075,0,0
"2020/08/09 04:17",2550,2550,1416,1416,50,50,409760,409760,0,0
"2020/08/09 04:18",5287,5287,1397,1397,50,50,411615,411615,0,0
"2020/08/09 04:19",3336,3336,1683,1683,50,50,400529,400529,0,0
"2020/08/09 04:20",4132,4132,1684,1684,50,50,429416,429416,0,0
"2020/08/09 04:21",3814,3814,1403,1403,50,50,731275,731275,0,0
"2020/08/09 04:22",2873,2873,1403,1403,50,50,698868,698868,0,0
"2020/08/09 04:23",2956,2956,1402,1402,50,50,510257,510257,0,0
"2020/08/09 04:24",1672,1672,1680,1680,50,50,856209,856209,0,0
"2020/08/09 04:25",7744,7744,1684,1684,50,50,1160995,1160995,0,0
"2020/08/09 04:26",9207,9207,1392,1392,50,50,1493421,1493421,0,0
"2020/08/09 04:27",6007,6007,1361,1361,50,50,1563534,1563534,0,0
"2020/08/09 04:28",11970,11970,1442,1442,50,50,1527453,1527453,0,0
"2020/08/09 04:29",7135,7135,3562,3562,50,50,927121,927121,0,0
"2020/08/09 04:30",45,45,1737,1737,50,50,631384,631384,0,0
"2020/08/09 04:31",68,68,3280,3280,50,50,620977,620977,0,0
"2020/08/09 04:32",63,63,2111,2111,50,50,507023,507023,0,0
"2020/08/09 04:33",63,63,1349,1349,50,50,457922,457922,0,0
"2020/08/09 04:34",63,63,1726,1726,50,50,787318,787318,0,0
"2020/08/09 04:35",63,63,470,470,50,50,779421,779421,0,0
"2020/08/09 04:36",63,63,2604,2604,50,50,978208,978208,0,0
"2020/08/09 04:37",63,63,195,195,50,50,1373671,1373671,0,0
"2020/08/09 04:38",31,31,3257,3257,50,50,783106,783106,0,0
"2020/08/09 04:39",88,88,472,472,50,50,713312,713312,0,0
"2020/08/09 04:40",32,32,2887,2887,50,50,866219,866219,0,0
"2020/08/09 04:41",80,80,185,185,50,50,974587,974587,0,0
"2020/08/09 04:42",39,39,2616,2616,50,50,1223400,1223400,0,0
"2020/08/09 04:43",31,31,184,184,50,50,612522,612522,0,0
"2020/08/09 04:44",88,88,2889,2889,50,50,613000,613000,0,0
"2020/08/09 04:45",31,31,473,473,50,50,476466,476466,0,0
"2020/08/09 04:46",88,88,2605,2605,50,50,490561,490561,0,0
"2020/08/09 04:47",31,31,201,201,50,50,650152,650152,0,0
"2020/08/09 04:48",88,88,2606,2606,50,50,698722,698722,0,0
"2020/08/09 04:49",31,31,2398,2398,50,50,1299685,1299685,0,0
"2020/08/09 04:50",63,63,2885,2885,50,50,1488277,1488277,0,0
"2020/08/09 04:51",63,63,2115,2115,50,50,921680,921680,0,0
"2020/08/09 04:52",63,63,2611,2611,50,50,646765,646765,0,0
"2020/08/09 04:53",63,63,188,188,50,50,622259,622259,0,0
"2020/08/09 04:54",63,63,2888,2888,50,50,589604,589604,0,0
"2020/08/09 04:55",63,63,471,471,50,50,410313,410313,0,0
"2020/08/09 04:56",63,63,2602,2602,50,50,654804,654804,0,0
"2020/08/09 04:57",31,31,196,196,50,50,840294,840294,0,0
"2020/08/09 04:58",88,88,2601,2601,50,50,872002,872002,0,0
"2020/08/09 04:59",32,32,474,474,50,50,1030028,1030028,0,0
"2020/08/09 05:00",88,88,3146,3146,50,50,1198040,1198040,0,0
"2020/08/09 05:01",31,31,196,196,50,50,622223,622223,0,0
"2020/08/09 05:02",99,99,3463,3463,50,50,538886,538886,0,0
"2020/08/09 05:03",31,31,189,189,25,25,838703,838703,0,0
"2020/08/09 05:04",63,63,5808,5808,75,75,875870,875870,0,0
"2020/08/09 05:05",63,63,57835,57835,25,25,1003980,1003980,0,0
"2020/08/09 05:06",63,63,32105,32105,75,75,1225754,1225754,0,0
"2020/08/09 05:07",63,63,72515,72515,25,25,583440,583440,0,0
"2020/08/09 05:08",63,63,2261,2261,75,75,408561,408561,0,0
"2020/08/09 05:09",63,63,3591,3591,25,25,221497,221497,0,0
"2020/08/09 05:10",52,52,1419,1419,75,75,571387,571387,0,0
"2020/08/09 05:11",40,40,3591,3591,25,25,926805,926805,0,0
"2020/08/09 05:12",63,63,1431,1431,75,75,1037582,1037582,0,0
"2020/08/09 05:13",62,62,1377,1377,25,25,947137,947137,0,0
"2020/08/09 05:14",63,63,1706,1706,75,75,997762,997762,0,0
"2020/08/09 05:15",63,63,1378,1378,25,25,1188634,1188634,0,0
"2020/08/09 05:16",63,63,1742,1742,75,75,1112915,1112915,0,0
"2020/08/09 05:17",63,63,15860,15860,25,25,1225028,1225028,0,0
"2020/08/09 05:18",31,31,35886,35886,75,75,1293095,1293095,0,0
"2020/08/09 05:19",88,88,76159,76159,0,0,653557,653557,0,0
"2020/08/09 05:20",31,31,40367,40367,100,100,627562,627562,0,0
"2020/08/09 05:21",88,88,1662,1662,25,25,605855,605855,0,0
"2020/08/09 05:22",31,31,1431,1431,75,75,469792,469792,0,0
"2020/08/09 05:23",81,81,1382,1382,0,0,415937,415937,0,0
"2020/08/09 05:24",37,37,1702,1702,100,100,495993,495993,0,0
"2020/08/09 05:25",63,63,1375,1375,0,0,729256,729256,0,0
"2020/08/09 05:26",63,63,1704,1704,100,100,725490,725490,0,0
"2020/08/09 05:27",63,63,1421,1421,0,0,833446,833446,0,0
"2020/08/09 05:28",63,63,1417,1417,100,100,971623,971623,0,0
"2020/08/09 05:29",63,63,1843,1843,0,0,1225360,1225360,0,0
"2020/08/09 05:30",33,33,1416,1416,93,93,392834,392834,0,0
"2020/08/09 05:31",88,88,3590,3590,6,6,392034,392034,0,0
"2020/08/09 05:32",31,31,2094,2094,75,75,769181,769181,0,0
"2020/08/09 05:33",88,88,1370,1370,25,25,1199521,1199521,0,0
"2020/08/09 05:34",31,31,1706,1706,75,75,1486343,1486343,0,0
"2020/08/09 05:35",88,88,1370,1370,25,25,1174430,1174430,0,0
"2020/08/09 05:36",31,31,1704,1704,75,75,619840,619840,0,0
"2020/08/09 05:37",63,63,1387,1387,25,25,606364,606364,0,0
"2020/08/09 05:38",63,63,2070,2070,75,75,502042,502042,0,0
"2020/08/09 05:39",31,31,1740,1740,25,25,407937,407937,0,0
"2020/08/09 05:40",88,88,1422,1422,75,75,419126,419126,0,0
"2020/08/09 05:41",31,31,1662,1662,25,25,423415,423415,0,0
"2020/08/09 05:42",88,88,1428,1428,75,75,399343,399343,0,0
"2020/08/09 05:43",31,31,1374,1374,25,25,408446,408446,0,0
"2020/08/09 05:44",63,63,1708,1708,75,75,213281,213281,0,0
"2020/08/09 05:45",63,63,1374,1374,25,25,203195,203195,0,0
"2020/08/09 05:46",63,63,1705,1705,75,75,207679,207679,0,0
"2020/08/09 05:47",63,63,1389,1389,25,25,201793,201793,0,0
"2020/08/09 05:48",63,63,1422,1422,75,75,219111,219111,0,0
"2020/08/09 05:49",63,63,3586,3586,25,25,207366,207366,0,0
"2020/08/09 05:50",63,63,1420,1420,75,75,203991,203991,0,0
"2020/08/09 05:51",5,5,3586,3586,25,25,55315,55315,0,0
"2020/08/09 05:52",113,113,1435,1435,75,75,351,351,0,0
"2020/08/09 05:53",32,32,1372,1372,25,25,24163,24163,0,0
"2020/08/09 05:54",88,88,1704,1704,75,75,364,364,0,0
"2020/08/09 05:55",5,5,1389,1389,25,25,2092,2092,0,0
"2020/08/09 05:56",113,113,1701,1701,75,75,3947,3947,0,0
"2020/08/09 05:57",3,3,1389,1389,25,25,1232,1232,0,0
"2020/08/09 05:58",88,88,1417,1417,75,75,8694,8694,0,0
"2020/08/09 05:59",32,32,1664,1664,25,25,1219,1219,0,0
"2020/08/09 06:00",88,88,1771,1771,75,75,1561,1561,0,0
"2020/08/09 06:01",32,32,8319,8319,25,25,3293,3293,0,0
"2020/08/09 06:02",88,88,2508,2508,75,75,330,330,0,0
"2020/08/09 06:03",0,0,1379,1379,25,25,10053,10053,0,0
"2020/08/09 06:04",113,113,1708,1708,75,75,357,357,0,0
"2020/08/09 06:05",0,0,1380,1380,25,25,1241,1241,0,0
"2020/08/09 06:06",113,113,1706,1706,75,75,320,320,0,0
"2020/08/09 06:07",0,0,35822,35822,25,25,1227,1227,0,0
"2020/08/09 06:08",113,113,68413,68413,290,290,9023,9023,0,0
"2020/08/09 06:09",0,0,5162,5162,25,25,4981,4981,0,0
"2020/08/09 06:10",96,96,1418,1418,75,75,4137,4137,0,0
"2020/08/09 06:11",18,18,3591,3591,25,25,3961,3961,0,0
"2020/08/09 06:12",57,57,1425,1425,75,75,321,321,0,0
"2020/08/09 06:13",57,57,1378,1378,25,25,6603,6603,0,0
"2020/08/09 06:14",56,56,1704,1704,75,75,3758,3758,0,0
"2020/08/09 06:15",57,57,1379,1379,25,25,1222,1222,0,0
"2020/08/09 06:16",56,56,1706,1706,75,75,3958,3958,0,0
"2020/08/09 06:17",57,57,1390,1390,25,25,1223,1223,0,0
"2020/08/09 06:18",56,56,1429,1429,75,75,321,321,0,0
"2020/08/09 06:19",32,32,1670,1670,25,25,10060,10060,0,0
"2020/08/09 06:20",88,88,1416,1416,75,75,324,324,0,0
"2020/08/09 06:21",32,32,1638,1638,25,25,1221,1221,0,0
"2020/08/09 06:22",88,88,1458,1458,75,75,324,324,0,0
"2020/08/09 06:23",32,32,1360,1360,25,25,1226,1226,0,0
"2020/08/09 06:24",56,56,1720,1720,75,75,9142,9142,0,0
"2020/08/09 06:25",57,57,1347,1347,25,25,1253,1253,0,0
"2020/08/09 06:26",56,56,1733,1733,75,75,317,317,0,0
"2020/08/09 06:27",57,57,199,199,25,25,1224,1224,0,0
"2020/08/09 06:28",57,57,2601,2601,75,75,321,321,0,0
"2020/08/09 06:29",57,57,2402,2402,25,25,13683,13683,0,0
"2020/08/09 06:30",56,56,2604,2604,75,75,338,338,0,0
"2020/08/09 06:31",32,32,2400,2400,25,25,1223,1223,0,0
"2020/08/09 06:32",88,88,3272,3272,75,75,322,322,0,0
"2020/08/09 06:33",32,32,183,183,25,25,1222,1222,0,0
"2020/08/09 06:34",88,88,2895,2895,75,75,9147,9147,0,0
"2020/08/09 06:35",32,32,190,190,25,25,1239,1239,0,0
"2020/08/09 06:36",88,88,2893,2893,75,75,3954,3954,0,0
"2020/08/09 06:37",32,32,203,203,25,25,1222,1222,0,0
"2020/08/09 06:38",56,56,2602,2602,75,75,322,322,0,0
"2020/08/09 06:39",57,57,1130,1130,25,25,10050,10050,0,0
"2020/08/09 06:40",56,56,2604,2604,75,75,3055,3055,0,0
"2020/08/09 06:41",57,57,487,487,25,25,5043,5043,0,0
"2020/08/09 06:42",56,56,31653,31653,75,75,326,326,0,0
"2020/08/09 06:43",57,57,24841,24841,25,25,1234,1234,0,0
"2020/08/09 06:44",56,56,6402,6402,75,75,9144,9144,0,0
"2020/08/09 06:45",0,0,191,191,25,25,1222,1222,0,0
"2020/08/09 06:46",113,113,2887,2887,75,75,318,318,0,0
"2020/08/09 06:47",0,0,229,229,25,25,1226,1226,0,0
"2020/08/09 06:48",113,113,2629,2629,75,75,321,321,0,0
"2020/08/09 06:49",0,0,2396,2396,25,25,10049,10049,0,0
"2020/08/09 06:50",88,88,2604,2604,75,75,318,318,0,0
"2020/08/09 06:51",32,32,2400,2400,25,25,1220,1220,0,0
"2020/08/09 06:52",88,88,2617,2617,75,75,323,323,0,0
"2020/08/09 06:53",32,32,188,188,25,25,1226,1226,0,0
"2020/08/09 06:54",88,88,2885,2885,75,75,9138,9138,0,0
"2020/08/09 06:55",32,32,191,191,25,25,1224,1224,0,0
"2020/08/09 06:56",88,88,2886,2886,75,75,3952,3952,0,0
"2020/08/09 06:57",0,0,200,200,25,25,1223,1223,0,0
"2020/08/09 06:58",113,113,2605,2605,75,75,323,323,0,0
"2020/08/09 06:59",0,0,474,474,25,25,10044,10044,0,0
"2020/08/09 07:00",113,113,2607,2607,75,75,2833,2833,0,0
"2020/08/09 07:01",0,0,735,735,25,25,1221,1221,0,0
"2020/08/09 07:02",363,363,3281,3281,75,75,331,331,0,0
"2020/08/09 07:03",0,0,191,191,25,25,1223,1223,0,0
"2020/08/09 07:04",88,88,2911,2911,75,75,9095,9095,0,0
"2020/08/09 07:05",31,31,193,193,25,25,1301,1301,0,0
"2020/08/09 07:06",88,88,2894,2894,75,75,326,326,0,0
"2020/08/09 07:07",32,32,207,207,25,25,1226,1226,0,0
"2020/08/09 07:08",88,88,2604,2604,75,75,321,321,0,0
"2020/08/09 07:09",32,32,3058,3058,25,25,12160,12160,0,0
"2020/08/09 07:10",88,88,2608,2608,75,75,4587,4587,0,0
"2020/08/09 07:11",1,1,2400,2400,25,25,3956,3956,0,0
"2020/08/09 07:12",113,113,2616,2616,75,75,319,319,0,0
"2020/08/09 07:13",0,0,195,195,25,25,1229,1229,0,0
"2020/08/09 07:14",113,113,2893,2893,75,75,4636,4636,0,0
"2020/08/09 07:15",0,0,189,189,25,25,5719,5719,0,0
"2020/08/09 07:16",113,113,2887,2887,75,75,3956,3956,0,0
"2020/08/09 07:17",0,0,202,202,25,25,1224,1224,0,0
"2020/08/09 07:18",56,56,2607,2607,75,75,322,322,0,0
"2020/08/09 07:19",57,57,186,186,25,25,1224,1224,0,0
"2020/08/09 07:20",56,56,2888,2888,75,75,9142,9142,0,0
"2020/08/09 07:21",57,57,476,476,25,25,1221,1221,0,0
"2020/08/09 07:22",56,56,2617,2617,75,75,402,402,0,0
"2020/08/09 07:23",57,57,186,186,25,25,1221,1221,0,0
"2020/08/09 07:24",56,56,2601,2601,78,78,323,323,0,0
"2020/08/09 07:25",40,40,398,398,26,26,10050,10050,0,0
"2020/08/09 07:26",88,88,2971,2971,75,75,319,319,0,0
"2020/08/09 07:27",32,32,113,113,25,25,1221,1221,0,0
"2020/08/09 07:28",88,88,2703,2703,75,75,333,333,0,0
"2020/08/09 07:29",32,32,2026,2026,25,25,4866,4866,0,0
"2020/08/09 07:30",61,61,2983,2983,75,75,9160,9160,0,0
"2020/08/09 07:31",57,57,2308,2308,25,25,1225,1225,0,0
"2020/08/09 07:32",56,56,3364,3364,75,75,318,318,0,0
"2020/08/09 07:33",57,57,93,93,25,25,1223,1223,0,0
"2020/08/09 07:34",56,56,2702,2702,75,75,324,324,0,0
"2020/08/09 07:35",57,57,383,383,25,25,10064,10064,0,0
"2020/08/09 07:36",57,57,2985,2985,75,75,3950,3950,0,0
"2020/08/09 07:37",32,32,105,105,25,25,1225,1225,0,0
"2020/08/09 07:38",83,83,2697,2697,75,75,320,320,0,0
"2020/08/09 07:39",32,32,751,751,25,25,1222,1222,0,0
"2020/08/09 07:40",88,88,2983,2983,75,75,11883,11883,0,0
"2020/08/09 07:41",32,32,383,383,25,25,3961,3961,0,0
"2020/08/09 07:42",88,88,2708,2708,75,75,321,321,0,0
"2020/08/09 07:43",32,32,95,95,25,25,1226,1226,0,0
"2020/08/09 07:44",88,88,2693,2693,75,75,312,312,0,0
"2020/08/09 07:45",32,32,381,381,25,25,10051,10051,0,0
"2020/08/09 07:46",56,56,2985,2985,75,75,320,320,0,0
"2020/08/09 07:47",44,44,112,112,25,25,1255,1255,0,0
"2020/08/09 07:48",68,68,2671,2671,75,75,320,320,0,0
"2020/08/09 07:49",32,32,2050,2050,25,25,4862,4862,0,0
"2020/08/09 07:50",88,88,2952,2952,75,75,9141,9141,0,0
"2020/08/09 07:51",32,32,2354,2354,25,25,1229,1229,0,0
"2020/08/09 07:52",88,88,2659,2659,75,75,332,332,0,0
"2020/08/09 07:53",0,0,140,140,25,25,1220,1220,0,0
"2020/08/09 07:54",88,88,2568,2568,75,75,319,319,0,0
"2020/08/09 07:55",31,31,510,510,25,25,10013,10013,0,0
"2020/08/09 07:56",88,88,1775,1775,75,75,3990,3990,0,0
"2020/08/09 07:57",30,30,1317,1317,25,25,1221,1221,0,0
"2020/08/09 07:58",88,88,1489,1489,75,75,327,327,0,0
"2020/08/09 07:59",31,31,1308,1308,25,25,1218,1218,0,0
"2020/08/09 08:00",63,63,2039,2039,75,75,11528,11528,0,0
"2020/08/09 08:01",61,61,1596,1596,25,25,1263,1263,0,0
"2020/08/09 08:02",37,37,2168,2168,75,75,344,344,0,0
"2020/08/09 08:03",88,88,1312,1312,25,25,1200,1200,0,0
"2020/08/09 08:04",32,32,1492,1492,75,75,349,349,0,0
"2020/08/09 08:05",88,88,1597,1597,25,25,7515,7515,0,0
"2020/08/09 08:06",32,32,1777,1777,75,75,2858,2858,0,0
"2020/08/09 08:07",56,56,1328,1328,25,25,1180,1180,0,0
"2020/08/09 08:08",57,57,1491,1491,75,75,370,370,0,0
"2020/08/09 08:09",56,56,2502,2502,25,25,4821,4821,0,0
"2020/08/09 08:10",57,57,3169,3169,75,75,7455,7455,0,0
"2020/08/09 08:11",56,56,3514,3514,25,25,8377,8377,0,0
"2020/08/09 08:12",32,32,1502,1502,87,87,374,374,0,0
"2020/08/09 08:13",88,88,1323,1323,25,25,1181,1181,0,0
"2020/08/09 08:14",32,32,1486,1486,75,75,370,370,0,0
"2020/08/09 08:15",88,88,1595,1595,25,25,3403,3403,0,0
"2020/08/09 08:16",32,32,1777,1777,75,75,10640,10640,0,0
"2020/08/09 08:17",88,88,1326,1326,25,25,1177,1177,0,0
"2020/08/09 08:18",0,0,1489,1489,75,75,370,370,0,0
"2020/08/09 08:19",84,84,1312,1312,25,25,1174,1174,0,0
"2020/08/09 08:20",32,32,1775,1775,75,75,369,369,0,0
"2020/08/09 08:21",88,88,1589,1589,25,25,9987,9987,0,0
"2020/08/09 08:22",32,32,1484,1484,75,75,385,385,0,0
"2020/08/09 08:23",88,88,1330,1330,25,25,721,721,0,0
"2020/08/09 08:24",32,32,1463,1463,75,75,821,821,0,0
"2020/08/09 08:25",88,88,1619,1619,25,25,718,718,0,0
"2020/08/09 08:26",0,0,1750,1750,75,75,9646,9646,0,0
"2020/08/09 08:27",113,113,1345,1345,25,25,723,723,0,0
"2020/08/09 08:28",0,0,300,300,75,75,824,824,0,0
"2020/08/09 08:29",113,113,2495,2495,25,25,3708,3708,0,0
"2020/08/09 08:30",0,0,2512,2512,75,75,1482,1482,0,0
"2020/08/09 08:31",113,113,4702,4702,25,25,9548,9548,0,0
"2020/08/09 08:32",0,0,964,964,75,75,823,823,0,0
"2020/08/09 08:33",88,88,2499,2499,37,37,726,726,0,0
"2020/08/09 08:34",32,32,300,300,75,75,832,832,0,0
"2020/08/09 08:35",88,88,2778,2778,25,25,737,737,0,0
"2020/08/09 08:36",32,32,600,600,75,75,12579,12579,0,0
"2020/08/09 08:37",88,88,2503,2503,25,25,1432,1432,0,0
"2020/08/09 08:38",32,32,301,301,75,75,832,832,0,0
"2020/08/09 08:39",88,88,3146,3146,25,25,717,717,0,0
"2020/08/09 08:40",0,0,584,584,75,75,3558,3558,0,0
"2020/08/09 08:41",113,113,2781,2781,25,25,11833,11833,0,0
"2020/08/09 08:42",0,0,308,308,75,75,1278,1278,0,0
"2020/08/09 08:43",113,113,2496,2496,25,25,725,725,0,0
"2020/08/09 08:44",0,0,300,300,75,75,819,819,0,0
"2020/08/09 08:45",113,113,2780,2780,25,25,721,721,0,0
"2020/08/09 08:46",0,0,589,589,75,75,9649,9649,0,0
"2020/08/09 08:47",88,88,2505,2505,25,25,718,718,0,0
"2020/08/09 08:48",32,32,309,309,75,75,823,823,0,0
"2020/08/09 08:49",88,88,2491,2491,25,25,722,722,0,0
"2020/08/09 08:50",44,44,2512,2512,75,75,4454,4454,0,0
"2020/08/09 08:51",60,60,4703,4703,25,25,9546,9546,0,0
"2020/08/09 08:52",69,69,312,312,75,75,823,823,0,0
"2020/08/09 08:53",56,56,2507,2507,25,25,723,723,0,0
"2020/08/09 08:54",32,32,887,887,75,75,816,816,0,0
"2020/08/09 08:55",88,88,2778,2778,25,25,720,720,0,0
"2020/08/09 08:56",32,32,584,584,75,75,9584,9584,0,0
"2020/08/09 08:57",88,88,2505,2505,25,25,4418,4418,0,0
"2020/08/09 08:58",32,32,299,299,75,75,827,827,0,0
"2020/08/09 08:59",88,88,2510,2510,25,25,718,718,0,0
"2020/08/09 09:00",33,33,597,597,75,75,3337,3337,0,0
"2020/08/09 09:01",56,56,3042,3042,26,26,9340,9340,0,0
"2020/08/09 09:02",57,57,974,974,75,75,1045,1045,0,0
"2020/08/09 09:03",57,57,2501,2501,25,25,726,726,0,0
"2020/08/09 09:04",57,57,302,302,75,75,824,824,0,0
"2020/08/09 09:05",56,56,2782,2782,25,25,739,739,0,0
"2020/08/09 09:06",32,32,591,591,75,75,5163,5163,0,0
"2020/08/09 09:07",88,88,2502,2502,25,25,5196,5196,0,0
"2020/08/09 09:08",32,32,302,302,75,75,823,823,0,0
"2020/08/09 09:09",88,88,3149,3149,25,25,718,718,0,0
"2020/08/09 09:10",32,32,2513,2513,75,75,7196,7196,0,0
"2020/08/09 09:11",88,88,4703,4703,25,25,3542,3542,0,0
"2020/08/09 09:12",32,32,355,355,75,75,9564,9564,0,0
"2020/08/09 09:13",88,88,2492,2492,25,25,752,752,0,0
"2020/08/09 09:14",32,32,302,302,75,75,818,818,0,0
"2020/08/09 09:15",56,56,2782,2782,25,25,721,721,0,0
"2020/08/09 09:16",57,57,618,618,75,75,819,819,0,0
"2020/08/09 09:17",56,56,2512,2512,25,25,13188,13188,0,0
"2020/08/09 09:18",57,57,304,304,75,75,822,822,0,0
"2020/08/09 09:19",57,57,2489,2489,25,25,723,723,0,0
"2020/08/09 09:20",3,3,589,589,75,75,819,819,0,0
"2020/08/09 09:21",113,113,2776,2776,25,25,715,715,0,0
"2020/08/09 09:22",0,0,332,332,75,75,9656,9656,0,0
"2020/08/09 09:23",113,113,2493,2493,25,25,726,726,0,0
"2020/08/09 09:24",0,0,299,299,75,75,823,823,0,0
"2020/08/09 09:25",113,113,2779,2779,25,25,723,723,0,0
"2020/08/09 09:26",0,0,593,593,75,75,820,820,0,0
"2020/08/09 09:27",88,88,2532,2532,25,25,9542,9542,0,0
"2020/08/09 09:28",28,28,302,302,75,75,826,826,0,0
"2020/08/09 09:29",88,88,2496,2496,25,25,718,718,0,0
"2020/08/09 09:30",32,32,2514,2514,75,75,4475,4475,0,0
"2020/08/09 09:31",88,88,4701,4701,25,25,722,722,0,0
"2020/08/09 09:32",32,32,315,315,75,75,9647,9647,0,0
"2020/08/09 09:33",88,88,3118,3118,25,25,724,724,0,0
"2020/08/09 09:34",0,0,324,324,75,75,822,822,0,0
"2020/08/09 09:35",113,113,1594,1594,25,25,733,733,0,0
"2020/08/09 09:36",0,0,1779,1779,75,75,820,820,0,0
"2020/08/09 09:37",113,113,1322,1322,25,25,13190,13190,0,0
"2020/08/09 09:38",0,0,1397,1397,75,75,819,819,0,0
"2020/08/09 09:39",100,100,2137,2137,25,25,720,720,0,0
"2020/08/09 09:40",12,12,1684,1684,75,75,1925,1925,0,0
"2020/08/09 09:41",88,88,1689,1689,25,25,2357,2357,0,0
"2020/08/09 09:42",32,32,1403,1403,75,75,12386,12386,0,0
"2020/08/09 09:43",88,88,1405,1405,25,25,726,726,0,0
"2020/08/09 09:44",32,32,1403,1403,75,75,818,818,0,0
"2020/08/09 09:45",88,88,1697,1697,25,25,717,717,0,0
"2020/08/09 09:46",32,32,1689,1689,75,75,826,826,0,0
"2020/08/09 09:47",88,88,1419,1419,25,25,9507,9507,0,0
"2020/08/09 09:48",0,0,1400,1400,75,75,863,863,0,0
"2020/08/09 09:49",113,113,1404,1404,25,25,722,722,0,0
"2020/08/09 09:50",0,0,3612,3612,75,75,20846,20846,0,0
"2020/08/09 09:51",113,113,3551,3551,25,25,11595,11595,0,0
"2020/08/09 09:52",0,0,1474,1474,75,75,9635,9635,0,0
"2020/08/09 09:53",88,88,1406,1406,25,25,896,896,0,0
"2020/08/09 09:54",32,32,1401,1401,75,75,947,947,0,0
"2020/08/09 09:55",56,56,1688,1688,25,25,848,848,0,0
"2020/08/09 09:56",57,57,1686,1686,75,75,930,930,0,0
"2020/08/09 09:57",56,56,1413,1413,25,25,9334,9334,0,0
"2020/08/09 09:58",57,57,1398,1398,75,75,4797,4797,0,0
"2020/08/09 09:59",31,31,1407,1407,25,25,800,800,0,0
"2020/08/09 10:00",83,83,1686,1686,75,75,3336,3336,0,0
"2020/08/09 10:01",32,32,1947,1947,25,25,722,722,0,0
"2020/08/09 10:02",61,61,1416,1416,75,75,5230,5230,0,0
"2020/08/09 10:03",63,63,2245,2245,25,25,5140,5140,0,0
"2020/08/09 10:04",61,61,1401,1401,75,75,837,837,0,0
"2020/08/09 10:05",63,63,1691,1691,25,25,736,736,0,0
"2020/08/09 10:06",63,63,1683,1683,75,75,820,820,0,0
"2020/08/09 10:07",31,31,1441,1441,25,25,5071,5071,0,0
"2020/08/09 10:08",88,88,1414,1414,75,75,5303,5303,0,0
"2020/08/09 10:09",31,31,2247,2247,25,25,727,727,0,0
"2020/08/09 10:10",88,88,3609,3609,75,75,4459,4459,0,0
"2020/08/09 10:11",31,31,1834,1834,25,25,3457,3457,0,0
"2020/08/09 10:12",88,88,3189,3189,75,75,5987,5987,0,0
"2020/08/09 10:13",31,31,1401,1401,25,25,7132,7132,0,0
"2020/08/09 10:14",63,63,1401,1401,75,75,819,819,0,0
"2020/08/09 10:15",63,63,1690,1690,25,25,719,719,0,0
"2020/08/09 10:16",63,63,1678,1678,75,75,814,814,0,0
"2020/08/09 10:17",63,63,1423,1423,25,25,4364,4364,0,0
"2020/08/09 10:18",63,63,1399,1399,75,75,9625,9625,0,0
"2020/08/09 10:19",63,63,1403,1403,25,25,746,746,0,0
"2020/08/09 10:20",63,63,1685,1685,75,75,794,794,0,0
"2020/08/09 10:21",47,47,1693,1693,25,25,744,744,0,0
"2020/08/09 10:22",75,75,1404,1404,75,75,797,797,0,0
"2020/08/09 10:23",31,31,1404,1404,25,25,9576,9576,0,0
"2020/08/09 10:24",88,88,1394,1394,75,75,795,795,0,0
"2020/08/09 10:25",32,32,1688,1688,25,25,775,775,0,0
"2020/08/09 10:26",75,75,1685,1685,75,75,792,792,0,0
"2020/08/09 10:27",43,43,50525,50525,25,25,744,744,0,0
"2020/08/09 10:28",31,31,61310,61310,75,75,9626,9626,0,0
"2020/08/09 10:29",88,88,11015,11015,25,25,743,743,0,0
"2020/08/09 10:30",31,31,3611,3611,75,75,4449,4449,0,0
"2020/08/09 10:31",88,88,1706,1706,25,25,747,747,0,0
"2020/08/09 10:32",31,31,3340,3340,75,75,800,800,0,0
"2020/08/09 10:33",88,88,2054,2054,25,25,9574,9574,0,0
"2020/08/09 10:34",31,31,1401,1401,75,75,798,798,0,0
"2020/08/09 10:35",63,63,1692,1692,25,25,759,759,0,0
"2020/08/09 10:36",63,63,1682,1682,75,75,794,794,0,0
"2020/08/09 10:37",63,63,1417,1417,25,25,4391,4391,0,0
"2020/08/09 10:38",63,63,1395,1395,75,75,9619,9619,0,0
"2020/08/09 10:39",63,63,2061,2061,25,25,743,743,0,0
"2020/08/09 10:40",63,63,1684,1684,75,75,795,795,0,0
"2020/08/09 10:41",63,63,1688,1688,25,25,3490,3490,0,0
"2020/08/09 10:42",31,31,1409,1409,75,75,3508,3508,0,0
"2020/08/09 10:43",88,88,1406,1406,25,25,9603,9603,0,0
"2020/08/09 10:44",31,31,1402,1402,75,75,769,769,0,0
"2020/08/09 10:45",88,88,1691,1691,25,25,767,767,0,0
"2020/08/09 10:46",31,31,1684,1684,75,75,772,772,0,0
"2020/08/09 10:47",88,88,1424,1424,25,25,774,774,0,0
"2020/08/09 10:48",31,31,1396,1396,75,75,9539,9539,0,0
"2020/08/09 10:49",63,63,1400,1400,25,25,828,828,0,0
"2020/08/09 10:50",63,63,3607,3607,75,75,4405,4405,0,0
"2020/08/09 10:51",63,63,1684,1684,25,25,315,315,0,0
"2020/08/09 10:52",63,63,3336,3336,75,75,1228,1228,0,0
"2020/08/09 10:53",54,54,1400,1400,25,25,8827,8827,0,0
"2020/08/09 10:54",69,69,1411,1411,75,75,1554,1554,0,0
"2020/08/09 10:55",31,31,1694,1694,25,25,324,324,0,0
"2020/08/09 10:56",63,63,1685,1685,75,75,1223,1223,0,0
"2020/08/09 10:57",63,63,1414,1414,25,25,3954,3954,0,0
"2020/08/09 10:58",63,63,1397,1397,75,75,5659,5659,0,0
"2020/08/09 10:59",63,63,1410,1410,25,25,4702,4702,0,0
"2020/08/09 11:00",63,63,1685,1685,75,75,3741,3741,0,0
"2020/08/09 11:01",63,63,1943,1943,25,25,320,320,0,0
"2020/08/09 11:02",63,63,1417,1417,75,75,1207,1207,0,0
"2020/08/09 11:03",31,31,2063,2063,25,25,4750,4750,0,0
"2020/08/09 11:04",88,88,1399,1399,75,75,5609,5609,0,0
"2020/08/09 11:05",31,31,1695,1695,25,25,370,370,0,0
"2020/08/09 11:06",88,88,1684,1684,75,75,1170,1170,0,0
"2020/08/09 11:07",31,31,1304,1304,25,25,371,371,0,0
"2020/08/09 11:08",88,88,1482,1482,75,75,5574,5574,0,0
"2020/08/09 11:09",31,31,1789,1789,25,25,4785,4785,0,0
"2020/08/09 11:10",63,63,3875,3875,75,75,4860,4860,0,0
"2020/08/09 11:11",67,67,431,431,25,25,4133,4133,0,0
"2020/08/09 11:12",63,63,3430,3430,75,75,3913,3913,0,0
"2020/08/09 11:13",63,63,1316,1316,25,25,2960,2960,0,0
"2020/08/09 11:14",63,63,1495,1495,75,75,7414,7414,0,0
"2020/08/09 11:15",63,63,1599,1599,25,25,370,370,0,0
"2020/08/09 11:16",63,63,1779,1779,75,75,1175,1175,0,0
"2020/08/09 11:17",31,31,1345,1345,25,25,4009,4009,0,0
"2020/08/09 11:18",88,88,1489,1489,75,75,1174,1174,0,0
"2020/08/09 11:19",31,31,1307,1307,25,25,9202,9202,0,0
"2020/08/09 11:20",88,88,1778,1778,75,75,1197,1197,0,0
"2020/08/09 11:21",31,31,1589,1589,25,25,337,337,0,0
"2020/08/09 11:22",63,63,1503,1503,75,75,1256,1256,0,0
"2020/08/09 11:23",59,59,1307,1307,26,26,370,370,0,0
"2020/08/09 11:24",31,31,1491,1491,75,75,9997,9997,0,0
"2020/08/09 11:25",88,88,1600,1600,25,25,372,372,0,0
"2020/08/09 11:26",31,31,1776,1776,75,75,1165,1165,0,0
"2020/08/09 11:27",88,88,1317,1317,25,25,371,371,0,0
"2020/08/09 11:28",31,31,1493,1493,75,75,1178,1178,0,0
"2020/08/09 11:29",88,88,1310,1310,25,25,9190,9190,0,0
"2020/08/09 11:30",31,31,3709,3709,75,75,4829,4829,0,0
"2020/08/09 11:31",63,63,1593,1593,25,25,368,368,0,0
"2020/08/09 11:32",63,63,3432,3432,75,75,1181,1181,0,0
"2020/08/09 11:33",63,63,1972,1972,25,25,373,373,0,0
"2020/08/09 11:34",63,63,1490,1490,75,75,10004,10004,0,0
"2020/08/09 11:35",63,63,1603,1603,25,25,384,384,0,0
"2020/08/09 11:36",63,63,1777,1777,75,75,1168,1168,0,0
"2020/08/09 11:37",63,63,1327,1327,25,25,6699,6699,0,0
"2020/08/09 11:38",31,31,1491,1491,75,75,561,561,0,0
"2020/08/09 11:39",88,88,1971,1971,25,25,9804,9804,0,0
"2020/08/09 11:40",31,31,1783,1783,52,52,595,595,0,0
"2020/08/09 11:41",88,88,1604,1604,48,48,3682,3682,0,0
"2020/08/09 11:42",31,31,1506,1506,50,50,5003,5003,0,0
"2020/08/09 11:43",88,88,1308,1308,50,50,4339,4339,0,0
"2020/08/09 11:44",31,31,1494,1494,50,50,16717,16717,0,0
"2020/08/09 11:45",63,63,1597,1597,50,50,1290,1290,0,0
"2020/08/09 11:46",63,63,1772,1772,50,50,541,541,0,0
"2020/08/09 11:47",63,63,1321,1321,50,50,1029,1029,0,0
"2020/08/09 11:48",63,63,1495,1495,50,50,545,545,0,0
"2020/08/09 11:49",63,63,1307,1307,50,50,9828,9828,0,0
"2020/08/09 11:50",31,31,3702,3702,50,50,4338,4338,0,0
"2020/08/09 11:51",63,63,1594,1594,50,50,5856,5856,0,0
"2020/08/09 11:52",63,63,3429,3429,50,50,6574,6574,0,0
"2020/08/09 11:53",63,63,1315,1315,50,50,1105,1105,0,0
"2020/08/09 11:54",63,63,1491,1491,50,50,6522,6522,0,0
"2020/08/09 11:55",63,63,1591,1591,50,50,3847,3847,0,0
"2020/08/09 11:56",63,63,1777,1777,50,50,541,541,0,0
"2020/08/09 11:57",31,31,1320,1320,50,50,4637,4637,0,0
"2020/08/09 11:58",59,59,1490,1490,50,50,545,545,0,0
"2020/08/09 11:59",56,56,1316,1316,50,50,5406,5406,0,0
"2020/08/09 12:00",61,61,2035,2035,50,50,7385,7385,0,0
"2020/08/09 12:01",56,56,1599,1599,50,50,1002,1002,0,0
"2020/08/09 12:02",32,32,1505,1505,50,50,545,545,0,0
"2020/08/09 12:03",83,83,1976,1976,50,50,1006,1006,0,0
"2020/08/09 12:04",32,32,1503,1503,50,50,4941,4941,0,0
"2020/08/09 12:05",88,88,1596,1596,50,50,5448,5448,0,0
"2020/08/09 12:06",32,32,1778,1778,50,50,541,541,0,0
"2020/08/09 12:07",88,88,1325,1325,50,50,1004,1004,0,0
"2020/08/09 12:08",32,32,1495,1495,50,50,547,547,0,0
"2020/08/09 12:09",88,88,1964,1964,50,50,5341,5341,0,0
"2020/08/09 12:10",32,32,7056,7056,50,50,8651,8651,0,0
"2020/08/09 12:11",56,56,15591,15591,50,50,3736,3736,0,0
"2020/08/09 12:12",57,57,3427,3427,50,50,3279,3279,0,0
"2020/08/09 12:13",56,56,1312,1312,50,50,1001,1001,0,0
"2020/08/09 12:14",57,57,1492,1492,50,50,1228,1228,0,0
"2020/08/09 12:15",56,56,1602,1602,50,50,9141,9141,0,0
"2020/08/09 12:16",4,4,1802,1802,50,50,539,539,0,0
"2020/08/09 12:17",113,113,1328,1328,50,50,4641,4641,0,0
"2020/08/09 12:18",0,0,1496,1496,50,50,544,544,0,0
"2020/08/09 12:19",113,113,1310,1310,50,50,1000,1000,0,0
"2020/08/09 12:20",1,1,1781,1781,50,50,9370,9370,0,0
"2020/08/09 12:21",113,113,1595,1595,50,50,995,995,0,0
"2020/08/09 12:22",1,1,1503,1503,50,50,547,547,0,0
"2020/08/09 12:23",88,88,1307,1307,50,50,999,999,0,0
"2020/08/09 12:24",33,33,1493,1493,50,50,540,540,0,0
"2020/08/09 12:25",88,88,1594,1594,50,50,9804,9804,0,0
"2020/08/09 12:26",32,32,1794,1794,50,50,562,562,0,0
"2020/08/09 12:27",88,88,1326,1326,50,50,978,978,0,0
"2020/08/09 12:28",32,32,1484,1484,50,50,575,575,0,0
"2020/08/09 12:29",88,88,1315,1315,50,50,973,973,0,0
"2020/08/09 12:30",0,0,3702,3702,50,50,13046,13046,0,0
"2020/08/09 12:31",113,113,1594,1594,50,50,974,974,0,0
"2020/08/09 12:32",0,0,3431,3431,50,50,569,569,0,0
"2020/08/09 12:33",113,113,1966,1966,50,50,975,975,0,0
"2020/08/09 12:34",0,0,1490,1490,50,50,568,568,0,0
"2020/08/09 12:35",105,105,1594,1594,50,50,9814,9814,0,0
"2020/08/09 12:36",9,9,1778,1778,50,50,566,566,0,0
"2020/08/09 12:37",88,88,1318,1318,50,50,4616,4616,0,0
"2020/08/09 12:38",32,32,1492,1492,50,50,567,567,0,0
"2020/08/09 12:39",88,88,1963,1963,50,50,966,966,0,0
"2020/08/09 12:40",32,32,1780,1780,50,50,9400,9400,0,0
"2020/08/09 12:41",88,88,1596,1596,50,50,3706,3706,0,0
"2020/08/09 12:42",32,32,1508,1508,50,50,3309,3309,0,0
"2020/08/09 12:43",88,88,1309,1309,50,50,975,975,0,0
"2020/08/09 12:44",0,0,1498,1498,50,50,565,565,0,0
"2020/08/09 12:45",113,113,1601,1601,50,50,9767,9767,0,0
"2020/08/09 12:46",0,0,1778,1778,50,50,603,603,0,0
"2020/08/09 12:47",92,92,1331,1331,50,50,976,976,0,0
"2020/08/09 12:48",22,22,1493,1493,50,50,569,569,0,0
"2020/08/09 12:49",88,88,1312,1312,50,50,975,975,0,0
"2020/08/09 12:50",32,32,3715,3715,50,50,12974,12974,0,0
"2020/08/09 12:51",56,56,1586,1586,50,50,1028,1028,0,0
"2020/08/09 12:52",57,57,3431,3431,50,50,574,574,0,0
"2020/08/09 12:53",56,56,1312,1312,50,50,974,974,0,0
"2020/08/09 12:54",58,58,1491,1491,50,50,564,564,0,0
"2020/08/09 12:55",56,56,1570,1570,50,50,6992,6992,0,0
"2020/08/09 12:56",57,57,1804,1804,50,50,3362,3362,0,0
"2020/08/09 12:57",56,56,132,132,50,50,4611,4611,0,0
"2020/08/09 12:58",32,32,2675,2675,50,50,572,572,0,0
"2020/08/09 12:59",88,88,128,128,50,50,973,973,0,0
"2020/08/09 13:00",32,32,3208,3208,50,50,7387,7387,0,0
"2020/08/09 13:01",88,88,418,418,50,50,5404,5404,0,0
"2020/08/09 13:02",32,32,2689,2689,50,50,576,576,0,0
"2020/08/09 13:03",56,56,781,781,50,50,976,976,0,0
"2020/08/09 13:04",57,57,2681,2681,50,50,576,576,0,0
"2020/08/09 13:05",56,56,411,411,50,50,5402,5402,0,0
"2020/08/09 13:06",57,57,2959,2959,50,50,4972,4972,0,0
"2020/08/09 13:07",56,56,134,134,50,50,978,978,0,0
"2020/08/09 13:08",57,57,2674,2674,50,50,566,566,0,0
"2020/08/09 13:09",56,56,782,782,50,50,975,975,0,0
"2020/08/09 13:10",32,32,4880,4880,50,50,8552,8552,0,0
"2020/08/09 13:11",83,83,406,406,25,25,8172,8172,0,0
"2020/08/09 13:12",4,4,4625,4625,75,75,3309,3309,0,0
"2020/08/09 13:13",113,113,132,132,25,25,981,981,0,0
"2020/08/09 13:14",1,1,2678,2678,75,75,565,565,0,0
"2020/08/09 13:15",113,113,408,408,25,25,4410,4410,0,0
"2020/08/09 13:16",0,0,2992,2992,75,75,5955,5955,0,0
"2020/08/09 13:17",88,88,135,135,25,25,4611,4611,0,0
"2020/08/09 13:18",32,32,2674,2674,75,75,570,570,0,0
"2020/08/09 13:19",88,88,122,122,25,25,951,951,0,0
"2020/08/09 13:20",32,32,2961,2961,75,75,637,637,0,0
"2020/08/09 13:21",88,88,402,402,25,25,9725,9725,0,0
"2020/08/09 13:22",32,32,2689,2689,75,75,599,599,0,0
"2020/08/09 13:23",88,88,118,118,25,25,948,948,0,0
"2020/08/09 13:24",0,0,2593,2593,75,75,589,589,0,0
"2020/08/09 13:25",113,113,482,482,25,25,950,950,0,0
"2020/08/09 13:26",0,0,2905,2905,75,75,9418,9418,0,0
"2020/08/09 13:27",113,113,219,219,25,25,946,946,0,0
"2020/08/09 13:28",0,0,1393,1393,75,75,595,595,0,0
"2020/08/09 13:29",88,88,1404,1404,25,25,946,946,0,0
"2020/08/09 13:30",32,32,3612,3612,75,75,4247,4247,0,0
"2020/08/09 13:31",88,88,1689,1689,25,25,9778,9778,0,0
"2020/08/09 13:32",32,32,3333,3333,75,75,593,593,0,0
"2020/08/09 13:33",88,88,2063,2063,25,25,950,950,0,0
"2020/08/09 13:34",32,32,1397,1397,75,75,595,595,0,0
"2020/08/09 13:35",88,88,1694,1694,25,25,960,960,0,0
"2020/08/09 13:36",0,0,1695,1695,75,75,9420,9420,0,0
"2020/08/09 13:37",113,113,1411,1411,25,25,4591,4591,0,0
"2020/08/09 13:38",0,0,1408,1408,75,75,603,603,0,0
"2020/08/09 13:39",88,88,2131,2131,25,25,941,941,0,0
"2020/08/09 13:40",32,32,1691,1691,75,75,595,595,0,0
"2020/08/09 13:41",88,88,1684,1684,25,25,12506,12506,0,0
"2020/08/09 13:42",32,32,1410,1410,75,75,3334,3334,0,0
"2020/08/09 13:43",56,56,1399,1399,25,25,955,955,0,0
"2020/08/09 13:44",57,57,1396,1396,75,75,587,587,0,0
"2020/08/09 13:45",56,56,1662,1662,25,25,950,950,0,0
"2020/08/09 13:46",57,57,1707,1707,75,75,9361,9361,0,0
"2020/08/09 13:47",31,31,1382,1382,25,25,997,997,0,0
"2020/08/09 13:48",86,86,1435,1435,75,75,594,594,0,0
"2020/08/09 13:49",31,31,1370,1370,25,25,953,953,0,0
"2020/08/09 13:50",61,61,3637,3637,75,75,1634,1634,0,0
"2020/08/09 13:51",63,63,1664,1664,26,26,12297,12297,0,0
"2020/08/09 13:52",63,63,3362,3362,75,75,666,666,0,0
"2020/08/09 13:53",63,63,1377,1377,25,25,947,947,0,0
"2020/08/09 13:54",63,63,1426,1426,50,50,590,590,0,0
"2020/08/09 13:55",63,63,1666,1666,50,50,950,950,0,0
"2020/08/09 13:56",63,63,1709,1709,50,50,4993,4993,0,0
"2020/08/09 13:57",31,31,1388,1388,50,50,7296,7296,0,0
"2020/08/09 13:58",88,88,1434,1434,50,50,2295,2295,0,0
"2020/08/09 13:59",31,31,1387,1387,50,50,953,953,0,0
"2020/08/09 14:00",88,88,1970,1970,50,50,3059,3059,0,0
"2020/08/09 14:01",31,31,1666,1666,50,50,5377,5377,0,0
"2020/08/09 14:02",63,63,1436,1436,50,50,5004,5004,0,0
"2020/08/09 14:03",58,58,2039,2039,50,50,954,954,0,0
"2020/08/09 14:04",31,31,1431,1431,50,50,604,604,0,0
"2020/08/09 14:05",88,88,1666,1666,50,50,980,980,0,0
"2020/08/09 14:06",31,31,1709,1709,50,50,5002,5002,0,0
"2020/08/09 14:07",88,88,1383,1383,50,50,5357,5357,0,0
"2020/08/09 14:08",31,31,1469,1469,50,50,600,600,0,0
"2020/08/09 14:09",63,63,2038,2038,50,50,963,963,0,0
"2020/08/09 14:10",63,63,3643,3643,50,50,594,594,0,0
"2020/08/09 14:11",63,63,1659,1659,50,50,11669,11669,0,0
"2020/08/09 14:12",63,63,3361,3361,62,62,7800,7800,0,0
"2020/08/09 14:13",63,63,1376,1376,50,50,952,952,0,0
"2020/08/09 14:14",63,63,1420,1420,50,50,587,587,0,0
"2020/08/09 14:15",63,63,1665,1665,50,50,950,950,0,0
"2020/08/09 14:16",31,31,1714,1714,50,50,3997,3997,0,0
"2020/08/09 14:17",88,88,1387,1387,50,50,6366,6366,0,0
"2020/08/09 14:18",31,31,1435,1435,50,50,4232,4232,0,0
"2020/08/09 14:19",88,88,1377,1377,50,50,950,950,0,0
"2020/08/09 14:20",31,31,1711,1711,50,50,592,592,0,0
"2020/08/09 14:21",88,88,1421,1421,50,50,943,943,0,0
"2020/08/09 14:22",31,31,1698,1698,50,50,9427,9427,0,0
"2020/08/09 14:23",63,63,1380,1380,50,50,955,955,0,0
"2020/08/09 14:24",63,63,1433,1433,50,50,591,591,0,0
"2020/08/09 14:25",63,63,1664,1664,50,50,982,982,0,0
"2020/08/09 14:26",63,63,1710,1710,50,50,591,591,0,0
"2020/08/09 14:27",63,63,1391,1391,50,50,9778,9778,0,0
"2020/08/09 14:28",63,63,1432,1432,50,50,598,598,0,0
"2020/08/09 14:29",63,63,1378,1378,50,50,946,946,0,0
"2020/08/09 14:30",31,31,3627,3627,50,50,609,609,0,0
"2020/08/09 14:31",88,88,1672,1672,50,50,4583,4583,0,0
"2020/08/09 14:32",32,32,3333,3333,50,50,9419,9419,0,0
"2020/08/09 14:33",88,88,2063,2063,62,62,951,951,0,0
"2020/08/09 14:34",31,31,1399,1399,50,50,606,606,0,0
"2020/08/09 14:35",88,88,1688,1688,50,50,965,965,0,0
"2020/08/09 14:36",31,31,524,524,50,50,589,589,0,0
"2020/08/09 14:37",31,31,2572,2572,50,50,9780,9780,0,0
"2020/08/09 14:38",88,88,238,238,50,50,4230,4230,0,0
"2020/08/09 14:39",31,31,3215,3215,50,50,945,945,0,0
"2020/08/09 14:40",88,88,529,529,50,50,594,594,0,0
"2020/08/09 14:41",31,31,2585,2585,50,50,3682,3682,0,0
"2020/08/09 14:42",88,88,59954,59954,50,50,11635,11635,0,0
"2020/08/09 14:43",31,31,12642,12642,50,50,1478,1478,0,0
"2020/08/09 14:44",63,63,254,254,50,50,569,569,0,0
"2020/08/09 14:45",63,63,2854,2854,50,50,973,973,0,0
"2020/08/09 14:46",63,63,463,463,50,50,571,571,0,0
"2020/08/09 14:47",63,63,2655,2655,50,50,9742,9742,0,0
"2020/08/09 14:48",63,63,262,262,50,50,624,624,0,0
"2020/08/09 14:49",63,63,2560,2560,50,50,979,979,0,0
"2020/08/09 14:50",75,75,2452,2452,50,50,566,566,0,0
"2020/08/09 14:51",31,31,2559,2559,50,50,4601,4601,0,0
"2020/08/09 14:52",100,100,2456,2456,50,50,8431,8431,0,0
"2020/08/09 14:53",31,31,2575,2575,50,50,1982,1982,0,0
"2020/08/09 14:54",88,88,835,835,50,50,567,567,0,0
"2020/08/09 14:55",31,31,2847,2847,50,50,977,977,0,0
"2020/08/09 14:56",88,88,234,234,50,50,564,564,0,0
"2020/08/09 14:57",31,31,2856,2856,50,50,5382,5382,0,0
"2020/08/09 14:58",63,63,235,235,50,50,8611,8611,0,0
"2020/08/09 14:59",63,63,2561,2561,50,50,975,975,0,0
"2020/08/09 15:00",63,63,782,782,50,50,1768,1768,0,0
"2020/08/09 15:01",63,63,2561,2561,50,50,2288,2288,0,0
"2020/08/09 15:02",63,63,534,534,50,50,4982,4982,0,0
"2020/08/09 15:03",63,63,3414,3414,50,50,5387,5387,0,0
"2020/08/09 15:04",63,63,237,237,50,50,573,573,0,0
"2020/08/09 15:05",31,31,2854,2854,50,50,996,996,0,0
"2020/08/09 15:06",67,67,240,240,50,50,562,562,0,0
"2020/08/09 15:07",53,53,2865,2865,50,50,5387,5387,0,0
"2020/08/09 15:08",63,63,242,242,50,50,4978,4978,0,0
"2020/08/09 15:09",63,63,3404,3404,50,50,974,974,0,0
"2020/08/09 15:10",63,63,2445,2445,50,50,568,568,0,0
"2020/08/09 15:11",63,63,2559,2559,50,50,7351,7351,0,0
"2020/08/09 15:12",31,31,2484,2484,50,50,4912,4912,0,0
"2020/08/09 15:13",88,88,2556,2556,50,50,8220,8220,0,0
"2020/08/09 15:14",31,31,239,239,50,50,564,564,0,0
"2020/08/09 15:15",88,88,2845,2845,50,50,971,971,0,0
"2020/08/09 15:16",31,31,236,236,50,50,571,571,0,0
"2020/08/09 15:17",88,88,2855,2855,50,50,4462,4462,0,0
"2020/08/09 15:18",31,31,247,247,50,50,9539,9539,0,0
"2020/08/09 15:19",64,64,2556,2556,50,50,974,974,0,0
"2020/08/09 15:20",63,63,528,528,50,50,566,566,0,0
"2020/08/09 15:21",63,63,2559,2559,50,50,969,969,0,0
"2020/08/09 15:22",63,63,539,539,50,50,655,655,0,0
"2020/08/09 15:23",63,63,2564,2564,50,50,9793,9793,0,0
"2020/08/09 15:24",63,63,154,154,50,50,568,568,0,0
"2020/08/09 15:25",63,63,2938,2938,50,50,974,974,0,0
"2020/08/09 15:26",31,31,161,161,50,50,565,565,0,0
"2020/08/09 15:27",88,88,2934,2934,50,50,974,974,0,0
"2020/08/09 15:28",31,31,148,148,50,50,9400,9400,0,0
"2020/08/09 15:29",88,88,2649,2649,50,50,970,970,0,0
"2020/08/09 15:30",31,31,2368,2368,50,50,584,584,0,0
"2020/08/09 15:31",63,63,2654,2654,50,50,4616,4616,0,0
"2020/08/09 15:32",63,63,2362,2362,50,50,570,570,0,0
"2020/08/09 15:33",63,63,3311,3311,50,50,9804,9804,0,0
"2020/08/09 15:34",63,63,145,145,50,50,573,573,0,0
"2020/08/09 15:35",31,31,2931,2931,50,50,983,983,0,0
"2020/08/09 15:36",88,88,147,147,50,50,567,567,0,0
"2020/08/09 15:37",31,31,2943,2943,50,50,980,980,0,0
"2020/08/09 15:38",63,63,150,150,50,50,12504,12504,0,0
"2020/08/09 15:39",63,63,3300,3300,50,50,969,969,0,0
"2020/08/09 15:40",63,63,433,433,50,50,569,569,0,0
"2020/08/09 15:41",63,63,2652,2652,50,50,3710,3710,0,0
"2020/08/09 15:42",63,63,437,437,50,50,570,570,0,0
"2020/08/09 15:43",32,32,2650,2650,50,50,12533,12533,0,0
"2020/08/09 15:44",62,62,147,147,50,50,571,571,0,0
"2020/08/09 15:45",56,56,2938,2938,50,50,999,999,0,0
"2020/08/09 15:46",59,59,140,140,50,50,539,539,0,0
"2020/08/09 15:47",56,56,2950,2950,50,50,1036,1036,0,0
"2020/08/09 15:48",57,57,152,152,50,50,9303,9303,0,0
"2020/08/09 15:49",56,56,2626,2626,50,50,1066,1066,0,0
"2020/08/09 15:50",32,32,2250,2250,50,50,539,539,0,0
"2020/08/09 15:51",84,84,2761,2761,50,50,4635,4635,0,0
"2020/08/09 15:52",32,32,2388,2388,50,50,542,542,0,0
"2020/08/09 15:53",88,88,1479,1479,50,50,7036,7036,0,0
"2020/08/09 15:54",32,32,1345,1345,50,50,3321,3321,0,0
"2020/08/09 15:55",88,88,1752,1752,50,50,1001,1001,0,0
"2020/08/09 15:56",32,32,1340,1340,50,50,542,542,0,0
"2020/08/09 15:57",60,60,1757,1757,50,50,1001,1001,0,0
"2020/08/09 15:58",57,57,1334,1334,50,50,8586,8586,0,0
"2020/08/09 15:59",56,56,1470,1470,50,50,5406,5406,0,0
"2020/08/09 16:00",57,57,1877,1877,50,50,1675,1675,0,0
"2020/08/09 16:01",56,56,1467,1467,50,50,2408,2408,0,0
"2020/08/09 16:02",57,57,1633,1633,50,50,550,550,0,0
"2020/08/09 16:03",56,56,2132,2132,50,50,5414,5414,0,0
"2020/08/09 16:04",4,4,1336,1336,50,50,4951,4951,0,0
"2020/08/09 16:05",113,113,1758,1758,50,50,1019,1019,0,0
"2020/08/09 16:06",0,0,1333,1333,50,50,538,538,0,0
"2020/08/09 16:07",113,113,1745,1745,50,50,1002,1002,0,0
"2020/08/09 16:08",0,0,1355,1355,50,50,4954,4954,0,0
"2020/08/09 16:09",113,113,2005,2005,50,50,5404,5404,0,0
"2020/08/09 16:10",0,0,1772,1772,50,50,543,543,0,0
"2020/08/09 16:11",88,88,3237,3237,50,50,5516,5516,0,0
"2020/08/09 16:12",32,32,3673,3673,50,50,3482,3482,0,0
"2020/08/09 16:13",88,88,187,187,50,50,8087,8087,0,0
"2020/08/09 16:14",32,32,2615,2615,50,50,5012,5012,0,0
"2020/08/09 16:15",88,88,475,475,50,50,1000,1000,0,0
"2020/08/09 16:16",32,32,2616,2616,50,50,540,540,0,0
"2020/08/09 16:17",88,88,490,490,50,50,1008,1008,0,0
"2020/08/09 16:18",0,0,2615,2615,50,50,7127,7127,0,0
"2020/08/09 16:19",113,113,183,183,50,50,6875,6875,0,0
"2020/08/09 16:20",0,0,2899,2899,50,50,540,540,0,0
"2020/08/09 16:21",113,113,186,186,50,50,993,993,0,0
"2020/08/09 16:22",0,0,2911,2911,50,50,548,548,0,0
"2020/08/09 16:23",113,113,184,184,50,50,1000,1000,0,0
"2020/08/09 16:24",0,0,2613,2613,50,50,9370,9370,0,0
"2020/08/09 16:25",88,88,465,465,50,50,995,995,0,0
"2020/08/09 16:26",32,32,2616,2616,50,50,539,539,0,0
"2020/08/09 16:27",88,88,477,477,50,50,997,997,0,0
"2020/08/09 16:28",32,32,2616,2616,50,50,546,546,0,0
"2020/08/09 16:29",88,88,189,189,50,50,9825,9825,0,0
"2020/08/09 16:30",32,32,2898,2898,50,50,562,562,0,0
"2020/08/09 16:31",88,88,2112,2112,50,50,4630,4630,0,0
"2020/08/09 16:32",0,0,4837,4837,50,50,547,547,0,0
"2020/08/09 16:33",113,113,839,839,50,50,996,996,0,0
"2020/08/09 16:34",0,0,2616,2616,50,50,9373,9373,0,0
"2020/08/09 16:35",90,90,470,470,50,50,1016,1016,0,0
"2020/08/09 16:36",24,24,2612,2612,50,50,534,534,0,0
"2020/08/09 16:37",88,88,477,477,50,50,1005,1005,0,0
"2020/08/09 16:38",32,32,2612,2612,50,50,4181,4181,0,0
"2020/08/09 16:39",56,56,842,842,50,50,9780,9780,0,0
"2020/08/09 16:40",57,57,2904,2904,50,50,589,589,0,0
"2020/08/09 16:41",56,56,184,184,50,50,998,998,0,0
"2020/08/09 16:42",57,57,2910,2910,50,50,3280,3280,0,0
"2020/08/09 16:43",56,56,187,187,50,50,4825,4825,0,0
"2020/08/09 16:44",57,57,2610,2610,50,50,9299,9299,0,0
"2020/08/09 16:45",56,56,243,243,50,50,1062,1062,0,0
"2020/08/09 16:46",32,32,2849,2849,50,50,544,544,0,0
"2020/08/09 16:47",88,88,476,476,50,50,996,996,0,0
"2020/08/09 16:48",32,32,2626,2626,50,50,546,546,0,0
"2020/08/09 16:49",88,88,183,183,50,50,6009,6009,0,0
"2020/08/09 16:50",32,32,2616,2616,50,50,4343,4343,0,0
"2020/08/09 16:51",56,56,2393,2393,50,50,4632,4632,0,0
"2020/08/09 16:52",57,57,4807,4807,50,50,544,544,0,0
"2020/08/09 16:53",56,56,211,211,50,50,977,977,0,0
"2020/08/09 16:54",57,57,2591,2591,50,50,4974,4974,0,0
"2020/08/09 16:55",56,56,210,210,50,50,5379,5379,0,0
"2020/08/09 16:56",57,57,2871,2871,50,50,565,565,0,0
"2020/08/09 16:57",56,56,506,506,50,50,975,975,0,0
"2020/08/09 16:58",32,32,2592,2592,50,50,4211,4211,0,0
"2020/08/09 16:59",84,84,210,210,50,50,5381,5381,0,0
"2020/08/09 17:00",32,32,2860,2860,50,50,4992,4992,0,0
"2020/08/09 17:01",88,88,486,486,50,50,3468,3468,0,0
"2020/08/09 17:02",32,32,2889,2889,50,50,572,572,0,0
"2020/08/09 17:03",88,88,47875,47875,50,50,983,983,0,0
"2020/08/09 17:04",32,32,84880,84880,50,50,4923,4923,0,0
"2020/08/09 17:05",57,57,31372,31372,50,50,5470,5470,0,0
"2020/08/09 17:06",57,57,2807,2807,50,50,565,565,0,0
"2020/08/09 17:07",56,56,502,502,50,50,975,975,0,0
"2020/08/09 17:08",32,32,2589,2589,50,50,569,569,0,0
"2020/08/09 17:09",87,87,869,869,50,50,3136,3136,0,0
"2020/08/09 17:10",32,32,2594,2594,50,50,7238,7238,0,0
"2020/08/09 17:11",88,88,2409,2409,50,50,4607,4607,0,0
"2020/08/09 17:12",0,0,4810,4810,50,50,3308,3308,0,0
"2020/08/09 17:13",113,113,215,215,50,50,3718,3718,0,0
"2020/08/09 17:14",0,0,2585,2585,50,50,563,563,0,0
"2020/08/09 17:15",113,113,211,211,50,50,9799,9799,0,0
"2020/08/09 17:16",0,0,2882,2882,50,50,568,568,0,0
"2020/08/09 17:17",113,113,534,534,50,50,979,979,0,0
"2020/08/09 17:18",0,0,2573,2573,50,50,4206,4206,0,0
"2020/08/09 17:19",88,88,224,224,50,50,975,975,0,0
"2020/08/09 17:20",32,32,2636,2636,50,50,9393,9393,0,0
"2020/08/09 17:21",88,88,446,446,50,50,971,971,0,0
"2020/08/09 17:22",32,32,1694,1694,50,50,568,568,0,0
"2020/08/09 17:23",88,88,1400,1400,50,50,977,977,0,0
"2020/08/09 17:24",32,32,1408,1408,50,50,567,567,0,0
"2020/08/09 17:25",88,88,1420,1420,50,50,9801,9801,0,0
"2020/08/09 17:26",0,0,1684,1684,50,50,567,567,0,0
"2020/08/09 17:27",113,113,1729,1729,50,50,981,981,0,0
"2020/08/09 17:28",0,0,1402,1402,50,50,569,569,0,0
"2020/08/09 17:29",113,113,1399,1399,50,50,969,969,0,0
"2020/08/09 17:30",0,0,1301,1301,50,50,9413,9413,0,0
"2020/08/09 17:31",113,113,3713,3713,50,50,4611,4611,0,0
"2020/08/09 17:32",0,0,2344,2344,50,50,570,570,0,0
"2020/08/09 17:33",88,88,3334,3334,50,50,976,976,0,0
"2020/08/09 17:34",32,32,121,121,50,50,569,569,0,0
"2020/08/09 17:35",88,88,2677,2677,50,50,9812,9812,0,0
"2020/08/09 17:36",32,32,409,409,50,50,565,565,0,0
"2020/08/09 17:37",88,88,2972,2972,50,50,980,980,0,0
"2020/08/09 17:38",32,32,123,123,50,50,4202,4202,0,0
"2020/08/09 17:39",49,49,3415,3415,50,50,972,972,0,0
"2020/08/09 17:40",47,47,127,127,50,50,9331,9331,0,0
"2020/08/09 17:41",63,63,2960,2960,50,50,1033,1033,0,0
"2020/08/09 17:42",63,63,418,418,50,50,3306,3306,0,0
"2020/08/09 17:43",63,63,2681,2681,50,50,3717,3717,0,0
"2020/08/09 17:44",63,63,122,122,50,50,563,563,0,0
"2020/08/09 17:45",44,44,2681,2681,50,50,8803,8803,0,0
"2020/08/09 17:46",80,80,406,406,50,50,1592,1592,0,0
"2020/08/09 17:47",2,2,2978,2978,50,50,976,976,0,0
"2020/08/09 17:48",113,113,138,138,50,50,568,568,0,0
"2020/08/09 17:49",0,0,2687,2687,50,50,955,955,0,0
"2020/08/09 17:50",113,113,137,137,50,50,5002,5002,0,0
"2020/08/09 17:51",0,0,4879,4879,50,50,8989,8989,0,0
"2020/08/09 17:52",113,113,2343,2343,50,50,594,594,0,0
"2020/08/09 17:53",0,0,2681,2681,50,50,952,952,0,0
"2020/08/09 17:54",88,88,128,128,50,50,591,591,0,0
"2020/08/09 17:55",32,32,2681,2681,50,50,5296,5296,0,0
"2020/08/09 17:56",88,88,412,412,50,50,5062,5062,0,0
"2020/08/09 17:57",32,32,2967,2967,50,50,947,947,0,0
"2020/08/09 17:58",88,88,129,129,50,50,4232,4232,0,0
"2020/08/09 17:59",32,32,2675,2675,50,50,943,943,0,0
"2020/08/09 18:00",88,88,130,130,50,50,3907,3907,0,0
"2020/08/09 18:01",0,0,49233,49233,50,50,8912,8912,0,0
"2020/08/09 18:02",113,113,90811,90811,50,50,598,598,0,0
"2020/08/09 18:03",0,0,29358,29358,50,50,954,954,0,0
"2020/08/09 18:04",113,113,125,125,50,50,600,600,0,0
"2020/08/09 18:05",0,0,2681,2681,50,50,982,982,0,0
"2020/08/09 18:06",60,60,406,406,50,50,9417,9417,0,0
"2020/08/09 18:07",53,53,2973,2973,50,50,954,954,0,0
"2020/08/09 18:08",57,57,259,259,50,50,607,607,0,0
"2020/08/09 18:09",57,57,3331,3331,50,50,950,950,0,0
"2020/08/09 18:10",56,56,132,132,50,50,595,595,0,0
"2020/08/09 18:11",57,57,4893,4893,50,50,13408,13408,0,0
"2020/08/09 18:12",56,56,2353,2353,50,50,3338,3338,0,0
"2020/08/09 18:13",32,32,2685,2685,50,50,3696,3696,0,0
"2020/08/09 18:14",88,88,126,126,50,50,591,591,0,0
"2020/08/09 18:15",32,32,2675,2675,50,50,946,946,0,0
"2020/08/09 18:16",88,88,408,408,50,50,9418,9418,0,0
"2020/08/09 18:17",32,32,2976,2976,50,50,954,954,0,0
"2020/08/09 18:18",88,88,106,106,50,50,4232,4232,0,0
"2020/08/09 18:19",32,32,2699,2699,50,50,949,949,0,0
"2020/08/09 18:20",56,56,99,99,50,50,589,589,0,0
"2020/08/09 18:21",57,57,2986,2986,50,50,9615,9615,0,0
"2020/08/09 18:22",56,56,396,396,50,50,755,755,0,0
"2020/08/09 18:23",57,57,2705,2705,50,50,780,780,0,0
"2020/08/09 18:24",56,56,98,98,50,50,763,763,0,0
"2020/08/09 18:25",57,57,2701,2701,50,50,852,852,0,0
"2020/08/09 18:26",56,56,385,385,50,50,9514,9514,0,0
"2020/08/09 18:27",32,32,2991,2991,50,50,348,348,0,0
"2020/08/09 18:28",88,88,103,103,50,50,777,777,0,0
"2020/08/09 18:29",32,32,2698,2698,50,50,770,770,0,0
"2020/08/09 18:30",88,88,96,96,50,50,787,787,0,0
"2020/08/09 18:31",32,32,4915,4915,50,50,13237,13237,0,0
"2020/08/09 18:32",56,56,2315,2315,50,50,771,771,0,0
"2020/08/09 18:33",32,32,3362,3362,50,50,773,773,0,0
"2020/08/09 18:34",84,84,104,104,50,50,768,768,0,0
"2020/08/09 18:35",32,32,2711,2711,50,50,792,792,0,0
"2020/08/09 18:36",88,88,384,384,50,50,9571,9571,0,0
"2020/08/09 18:37",32,32,2996,2996,50,50,808,808,0,0
"2020/08/09 18:38",88,88,103,103,50,50,4412,4412,0,0
"2020/08/09 18:39",32,32,3355,3355,50,50,766,766,0,0
"2020/08/09 18:40",88,88,96,96,50,50,771,771,0,0
"2020/08/09 18:41",0,0,2990,2990,50,50,9517,9517,0,0
"2020/08/09 18:42",113,113,388,388,50,50,3580,3580,0,0
"2020/08/09 18:43",0,0,2707,2707,50,50,3518,3518,0,0
"2020/08/09 18:44",113,113,91,91,50,50,763,763,0,0
"2020/08/09 18:45",0,0,2668,2668,50,50,765,765,0,0
"2020/08/09 18:46",108,108,412,412,50,50,7206,7206,0,0
"2020/08/09 18:47",4,4,2974,2974,50,50,3161,3161,0,0
"2020/08/09 18:48",88,88,130,130,50,50,770,770,0,0
"2020/08/09 18:49",32,32,2678,2678,50,50,774,774,0,0
"2020/08/09 18:50",88,88,128,128,50,50,770,770,0,0
"2020/08/09 18:51",32,32,3727,3727,50,50,3545,3545,0,0
"2020/08/09 18:52",88,88,3507,3507,50,50,10461,10461,0,0
"2020/08/09 18:53",28,28,1519,1519,50,50,773,773,0,0
"2020/08/09 18:54",89,89,1288,1288,50,50,767,767,0,0
"2020/08/09 18:55",0,0,1519,1519,50,50,772,772,0,0
"2020/08/09 18:56",113,113,1570,1570,50,50,769,769,0,0
"2020/08/09 18:57",0,0,1817,1817,50,50,9147,9147,0,0
"2020/08/09 18:58",113,113,1297,1297,50,50,820,820,0,0
"2020/08/09 18:59",0,0,1514,1514,50,50,4368,4368,0,0
"2020/08/09 19:00",88,88,1283,1283,50,50,787,787,0,0
"2020/08/09 19:01",32,32,2064,2064,50,50,3269,3269,0,0
"2020/08/09 19:02",88,88,1578,1578,50,50,9599,9599,0,0
"2020/08/09 19:03",32,32,2184,2184,50,50,782,782,0,0
"2020/08/09 19:04",88,88,1286,1286,50,50,771,771,0,0
"2020/08/09 19:05",32,32,1495,1495,50,50,789,789,0,0
"2020/08/09 19:06",60,60,1595,1595,50,50,769,769,0,0
"2020/08/09 19:07",28,28,1799,1799,50,50,9152,9152,0,0
"2020/08/09 19:08",88,88,1301,1301,50,50,770,770,0,0
"2020/08/09 19:09",32,32,2051,2051,50,50,769,769,0,0
"2020/08/09 19:10",88,88,47778,47778,50,50,773,773,0,0
"2020/08/09 19:11",32,32,90938,90938,50,50,767,767,0,0
"2020/08/09 19:12",88,88,32721,32721,50,50,15520,15520,0,0
"2020/08/09 19:13",32,32,248,248,50,50,3513,3513,0,0
"2020/08/09 19:14",56,56,2564,2564,50,50,767,767,0,0
"2020/08/09 19:15",57,57,239,239,50,50,772,772,0,0
"2020/08/09 19:16",56,56,2850,2850,50,50,772,772,0,0
"2020/08/09 19:17",57,57,531,531,50,50,9147,9147,0,0
"2020/08/09 19:18",56,56,2570,2570,50,50,774,774,0,0
"2020/08/09 19:19",57,57,234,234,50,50,4408,4408,0,0
"2020/08/09 19:20",56,56,2569,2569,50,50,766,766,0,0
"2020/08/09 19:21",32,32,530,530,50,50,774,774,0,0
"2020/08/09 19:22",88,88,2859,2859,50,50,9230,9230,0,0
"2020/08/09 19:23",32,32,236,236,50,50,773,773,0,0
"2020/08/09 19:24",88,88,2560,2560,50,50,770,770,0,0
"2020/08/09 19:25",32,32,231,231,50,50,770,770,0,0
"2020/08/09 19:26",88,88,2852,2852,50,50,743,743,0,0
"2020/08/09 19:27",32,32,528,528,50,50,9172,9172,0,0
"2020/08/09 19:28",56,56,2567,2567,50,50,750,750,0,0
"2020/08/09 19:29",57,57,232,232,50,50,788,788,0,0
"2020/08/09 19:30",56,56,2562,2562,50,50,761,761,0,0
"2020/08/09 19:31",57,57,2451,2451,50,50,801,801,0,0
"2020/08/09 19:32",56,56,3039,3039,50,50,12717,12717,0,0
"2020/08/09 19:33",44,44,2633,2633,50,50,835,835,0,0
"2020/08/09 19:34",68,68,2563,2563,50,50,745,745,0,0
"2020/08/09 19:35",31,31,236,236,50,50,812,812,0,0
"2020/08/09 19:36",88,88,2850,2850,50,50,746,746,0,0
"2020/08/09 19:37",0,0,532,532,50,50,9503,9503,0,0
"2020/08/09 19:38",88,88,2565,2565,50,50,866,866,0,0
"2020/08/09 19:39",26,26,893,893,50,50,4433,4433,0,0
"2020/08/09 19:40",63,63,2563,2563,50,50,741,741,0,0
"2020/08/09 19:41",57,57,523,523,50,50,794,794,0,0
"2020/08/09 19:42",63,63,2857,2857,50,50,9301,9301,0,0
"2020/08/09 19:43",63,63,245,245,50,50,6541,6541,0,0
"2020/08/09 19:44",63,63,2574,2574,50,50,13826,13826,0,0
"2020/08/09 19:45",63,63,233,233,50,50,4347,4347,0,0
"2020/08/09 19:46",63,63,2851,2851,50,50,746,746,0,0
"2020/08/09 19:47",63,63,532,532,50,50,830,830,0,0
"2020/08/09 19:48",63,63,2568,2568,50,50,9668,9668,0,0
"2020/08/09 19:49",31,31,233,233,50,50,897,897,0,0
"2020/08/09 19:50",88,88,2563,2563,50,50,869,869,0,0
"2020/08/09 19:51",31,31,2446,2446,50,50,929,929,0,0
"2020/08/09 19:52",88,88,2856,2856,50,50,4501,4501,0,0
"2020/08/09 19:53",31,31,2164,2164,50,50,9676,9676,0,0
"2020/08/09 19:54",63,63,2564,2564,50,50,752,752,0,0
"2020/08/09 19:55",63,63,233,233,50,50,793,793,0,0
"2020/08/09 19:56",63,63,2847,2847,50,50,740,740,0,0
"2020/08/09 19:57",63,63,533,533,50,50,800,800,0,0
"2020/08/09 19:58",63,63,2567,2567,50,50,9108,9108,0,0
"2020/08/09 19:59",63,63,236,236,50,50,4442,4442,0,0
"2020/08/09 20:00",63,63,2569,2569,50,50,763,763,0,0
"2020/08/09 20:01",31,31,778,778,50,50,3288,3288,0,0
"2020/08/09 20:02",63,63,2859,2859,50,50,727,727,0,0
"2020/08/09 20:03",59,59,1085,1085,50,50,9655,9655,0,0
"2020/08/09 20:04",63,63,2564,2564,50,50,723,723,0,0
"2020/08/09 20:05",63,63,234,234,50,50,840,840,0,0
"2020/08/09 20:06",63,63,2855,2855,50,50,719,719,0,0
"2020/08/09 20:07",63,63,537,537,50,50,828,828,0,0
"2020/08/09 20:08",31,31,2563,2563,50,50,9555,9555,0,0
"2020/08/09 20:09",88,88,1075,1075,50,50,829,829,0,0
"2020/08/09 20:10",31,31,2564,2564,50,50,719,719,0,0
"2020/08/09 20:11",88,88,2443,2443,50,50,817,817,0,0
"2020/08/09 20:12",31,31,2861,2861,62,62,7102,7102,0,0
"2020/08/09 20:13",88,88,2162,2162,50,50,12386,12386,0,0
"2020/08/09 20:14",31,31,2567,2567,50,50,723,723,0,0
"2020/08/09 20:15",63,63,58147,58147,50,50,817,817,0,0
"2020/08/09 20:16",63,63,107759,107759,27,27,718,718,0,0
"2020/08/09 20:17",63,63,570,570,72,72,825,825,0,0
"2020/08/09 20:18",63,63,2574,2574,50,50,9098,9098,0,0
"2020/08/09 20:19",63,63,236,236,50,50,4461,4461,0,0
"2020/08/09 20:20",63,63,2562,2562,33,33,718,718,0,0
"2020/08/09 20:21",63,63,956,956,66,66,815,815,0,0
"2020/08/09 20:22",31,31,83799,83799,50,50,726,726,0,0
"2020/08/09 20:23",88,88,81715,81715,50,50,9196,9196,0,0
"2020/08/09 20:24",31,31,2563,2563,25,25,718,718,0,0
"2020/08/09 20:25",88,88,234,234,75,75,818,818,0,0
"2020/08/09 20:26",31,31,2823,2823,25,25,719,719,0,0
"2020/08/09 20:27",88,88,555,555,75,75,822,822,0,0
"2020/08/09 20:28",31,31,66994,66994,25,25,9541,9541,0,0
"2020/08/09 20:29",31,31,98676,98676,75,75,851,851,0,0
"2020/08/09 20:30",88,88,2549,2549,25,25,742,742,0,0
"2020/08/09 20:31",31,31,2472,2472,75,75,825,825,0,0
"2020/08/09 20:32",88,88,1668,1668,25,25,4359,4359,0,0
"2020/08/09 20:33",31,31,4003,4003,87,87,9203,9203,0,0
"2020/08/09 20:34",88,88,1379,1379,25,25,1175,1175,0,0
"2020/08/09 20:35",31,31,1416,1416,75,75,846,846,0,0
"2020/08/09 20:36",63,63,1669,1669,50,50,720,720,0,0
"2020/08/09 20:37",63,63,1714,1714,50,50,819,819,0,0
"2020/08/09 20:38",63,63,1379,1379,25,25,2660,2660,0,0
"2020/08/09 20:39",63,63,2079,2079,50,50,11389,11389,0,0
"2020/08/09 20:40",63,63,1382,1382,50,50,720,720,0,0
"2020/08/09 20:41",63,63,1710,1710,50,50,820,820,0,0
"2020/08/09 20:42",63,63,1670,1670,50,50,3458,3458,0,0
"2020/08/09 20:43",31,31,1429,1429,50,50,2521,2521,0,0
"2020/08/09 20:44",88,88,1382,1382,50,50,10593,10593,0,0
"2020/08/09 20:45",31,31,1421,1421,50,50,818,818,0,0
"2020/08/09 20:46",88,88,1663,1663,50,50,729,729,0,0
"2020/08/09 20:47",31,31,1721,1721,50,50,12331,12331,0,0
"2020/08/09 20:48",63,63,1388,1388,75,75,727,727,0,0
"2020/08/09 20:49",59,59,1418,1418,25,25,9645,9645,0,0
"2020/08/09 20:50",75,75,1378,1378,50,50,717,717,0,0
"2020/08/09 20:51",63,63,3630,3630,50,50,818,818,0,0
"2020/08/09 20:52",75,75,1679,1679,71,71,4363,4363,0,0
"2020/08/09 20:53",63,63,3367,3367,29,29,826,826,0,0
"2020/08/09 20:54",63,63,1970,1970,75,75,9551,9551,0,0
"2020/08/09 20:55",63,63,1418,1418,25,25,821,821,0,0
"2020/08/09 20:56",63,63,1659,1659,50,50,713,713,0,0
"2020/08/09 20:57",31,31,1715,1715,50,50,823,823,0,0
"2020/08/09 20:58",83,83,1384,1384,50,50,725,725,0,0
"2020/08/09 20:59",35,35,1419,1419,50,50,12831,12831,0,0
"2020/08/09 21:00",63,63,1634,1634,50,50,3236,3236,0,0
"2020/08/09 21:01",63,63,1711,1711,50,50,821,821,0,0
"2020/08/09 21:02",50,50,1650,1650,50,50,729,729,0,0
"2020/08/09 21:03",75,75,2113,2113,50,50,829,829,0,0
"2020/08/09 21:04",31,31,1353,1353,50,50,9099,9099,0,0
"2020/08/09 21:05",88,88,1448,1448,50,50,841,841,0,0
"2020/08/09 21:06",31,31,1637,1637,50,50,719,719,0,0
"2020/08/09 21:07",88,88,1738,1738,50,50,826,826,0,0
"2020/08/09 21:08",31,31,637,637,50,50,720,720,0,0
"2020/08/09 21:09",88,88,2815,2815,50,50,9194,9194,0,0
"2020/08/09 21:10",31,31,1350,1350,50,50,721,721,0,0
"2020/08/09 21:11",63,63,3662,3662,50,50,819,819,0,0
"2020/08/09 21:12",63,63,1674,1674,50,50,8178,8178,0,0
"2020/08/09 21:13",63,63,3376,3376,50,50,852,852,0,0
"2020/08/09 21:14",63,63,1358,1358,63,63,11835,11835,0,0
"2020/08/09 21:15",63,63,1460,1460,37,37,823,823,0,0
"2020/08/09 21:16",31,31,516,516,50,50,720,720,0,0
"2020/08/09 21:17",88,88,2905,2905,25,25,829,829,0,0
"2020/08/09 21:18",34,34,199,199,75,75,724,724,0,0
"2020/08/09 21:19",88,88,2609,2609,25,25,13289,13289,0,0
"2020/08/09 21:20",31,31,183,183,75,75,713,713,0,0
"2020/08/09 21:21",77,77,2891,2891,25,25,822,822,0,0
"2020/08/09 21:22",41,41,486,486,75,75,726,726,0,0
"2020/08/09 21:23",63,63,2602,2602,25,25,818,818,0,0
"2020/08/09 21:24",63,63,190,190,75,75,8971,8971,0,0
"2020/08/09 21:25",63,63,2602,2602,25,25,943,943,0,0
"2020/08/09 21:26",63,63,472,472,75,75,718,718,0,0
"2020/08/09 21:27",63,63,2932,2932,25,25,821,821,0,0
"2020/08/09 21:28",63,63,192,192,75,75,726,726,0,0
"2020/08/09 21:29",63,63,2605,2605,25,25,4570,4570,0,0
"2020/08/09 21:30",31,31,190,190,75,75,5350,5350,0,0
"2020/08/09 21:31",79,79,4814,4814,25,25,794,794,0,0
"2020/08/09 21:32",40,40,479,479,75,75,4382,4382,0,0
"2020/08/09 21:33",63,63,5193,5193,25,25,800,800,0,0
"2020/08/09 21:34",63,63,187,187,75,75,744,744,0,0
"2020/08/09 21:35",48,48,2602,2602,25,25,9188,9188,0,0
"2020/08/09 21:36",75,75,474,474,75,75,745,745,0,0
"2020/08/09 21:37",31,31,2898,2898,25,25,807,807,0,0
"2020/08/09 21:38",88,88,199,199,75,75,3062,3062,0,0
"2020/08/09 21:39",31,31,3343,3343,25,25,8404,8404,0,0
"2020/08/09 21:40",88,88,186,186,75,75,17056,17056,0,0
"2020/08/09 21:41",2,2,2886,2886,25,25,11106,11106,0,0
"2020/08/09 21:42",88,88,485,485,75,75,3489,3489,0,0
"2020/08/09 21:43",27,27,2603,2603,25,25,797,797,0,0
"2020/08/09 21:44",88,88,188,188,75,75,4565,4565,0,0
"2020/08/09 21:45",32,32,2607,2607,25,25,9173,9173,0,0
"2020/08/09 21:46",88,88,476,476,75,75,833,833,0,0
"2020/08/09 21:47",32,32,2897,2897,25,25,917,917,0,0
"2020/08/09 21:48",88,88,198,198,75,75,883,883,0,0
"2020/08/09 21:49",0,0,2601,2601,25,25,921,921,0,0
"2020/08/09 21:50",113,113,192,192,75,75,9633,9633,0,0
"2020/08/09 21:51",0,0,4818,4818,25,25,821,821,0,0
"2020/08/09 21:52",113,113,487,487,75,75,4387,4387,0,0
"2020/08/09 21:53",0,0,4537,4537,25,25,796,796,0,0
"2020/08/09 21:54",113,113,194,194,75,75,744,744,0,0
"2020/08/09 21:55",0,0,2603,2603,25,25,9170,9170,0,0
"2020/08/09 21:56",88,88,471,471,75,75,740,740,0,0
"2020/08/09 21:57",32,32,2876,2876,25,25,798,798,0,0
"2020/08/09 21:58",88,88,215,215,75,75,747,747,0,0
"2020/08/09 21:59",32,32,1419,1419,25,25,4404,4404,0,0
"2020/08/09 22:00",88,88,1380,1380,75,75,12056,12056,0,0
"2020/08/09 22:01",32,32,1975,1975,25,25,771,771,0,0
"2020/08/09 22:02",60,60,1682,1682,75,75,777,777,0,0
"2020/08/09 22:03",28,28,2083,2083,25,25,779,779,0,0
"2020/08/09 22:04",88,88,1380,1380,75,75,773,773,0,0
"2020/08/09 22:05",32,32,1427,1427,25,25,9195,9195,0,0
"2020/08/09 22:06",88,88,1665,1665,75,75,771,771,0,0
"2020/08/09 22:07",32,32,1714,1714,25,25,774,774,0,0
"2020/08/09 22:08",88,88,1495,1495,75,75,779,779,0,0
"2020/08/09 22:09",32,32,2133,2133,25,25,768,768,0,0
"2020/08/09 22:10",56,56,1379,1379,75,75,9598,9598,0,0
"2020/08/09 22:11",57,57,3632,3632,25,25,765,765,0,0
"2020/08/09 22:12",56,56,1679,1679,75,75,5378,5378,0,0
"2020/08/09 22:13",57,57,3348,3348,25,25,2549,2549,0,0
"2020/08/09 22:14",56,56,1385,1385,75,75,3509,3509,0,0
"2020/08/09 22:15",57,57,1422,1422,25,25,9542,9542,0,0
"2020/08/09 22:16",56,56,1663,1663,75,75,815,815,0,0
"2020/08/09 22:17",32,32,1715,1715,25,25,772,772,0,0
"2020/08/09 22:18",88,88,1390,1390,75,75,341,341,0,0
"2020/08/09 22:19",32,32,1421,1421,25,25,4843,4843,0,0
"2020/08/09 22:20",88,88,1377,1377,75,75,7839,7839,0,0
"2020/08/09 22:21",32,32,1706,1706,25,25,2577,2577,0,0
"2020/08/09 22:22",88,88,1673,1673,75,75,593,593,0,0
"2020/08/09 22:23",32,32,1421,1421,25,25,950,950,0,0
"2020/08/09 22:24",56,56,1385,1385,75,75,334,334,0,0
"2020/08/09 22:25",57,57,1422,1422,25,25,1897,1897,0,0
"2020/08/09 22:26",56,56,1665,1665,75,75,8494,8494,0,0
"2020/08/09 22:27",57,57,1713,1713,25,25,1224,1224,0,0
"2020/08/09 22:28",56,56,1377,1377,75,75,323,323,0,0
"2020/08/09 22:29",57,57,1425,1425,25,25,1219,1219,0,0
"2020/08/09 22:30",56,56,1374,1374,75,75,336,336,0,0
"2020/08/09 22:31",0,0,3630,3630,25,25,10049,10049,0,0
"2020/08/09 22:32",113,113,1671,1671,75,75,3956,3956,0,0
"2020/08/09 22:33",0,0,4006,4006,25,25,1224,1224,0,0
"2020/08/09 22:34",113,113,1374,1374,75,75,321,321,0,0
"2020/08/09 22:35",0,0,1417,1417,25,25,1234,1234,0,0
"2020/08/09 22:36",113,113,1660,1660,75,75,9140,9140,0,0
"2020/08/09 22:37",0,0,1715,1715,25,25,1227,1227,0,0
"2020/08/09 22:38",88,88,1382,1382,75,75,322,322,0,0
"2020/08/09 22:39",32,32,2071,2071,25,25,4857,4857,0,0
"2020/08/09 22:40",88,88,1285,1285,75,75,320,320,0,0
"2020/08/09 22:41",32,32,1798,1798,25,25,10046,10046,0,0
"2020/08/09 22:42",88,88,30066,30066,75,75,322,322,0,0
"2020/08/09 22:43",32,32,25638,25638,25,25,3966,3966,0,0
"2020/08/09 22:44",88,88,4799,4799,75,75,3051,3051,0,0
"2020/08/09 22:45",0,0,1520,1520,25,25,1222,1222,0,0
"2020/08/09 22:46",113,113,1569,1569,75,75,9143,9143,0,0
"2020/08/09 22:47",0,0,1841,1841,25,25,1224,1224,0,0
"2020/08/09 22:48",113,113,1321,1321,75,75,323,323,0,0
"2020/08/09 22:49",0,0,1510,1510,25,25,1227,1227,0,0
"2020/08/09 22:50",88,88,1287,1287,75,75,318,318,0,0
"2020/08/09 22:51",32,32,3724,3724,25,25,10045,10045,0,0
"2020/08/09 22:52",88,88,1573,1573,75,75,3960,3960,0,0
"2020/08/09 22:53",32,32,3452,3452,25,25,1224,1224,0,0
"2020/08/09 22:54",88,88,1286,1286,75,75,315,315,0,0
"2020/08/09 22:55",32,32,1518,1518,25,25,1223,1223,0,0
"2020/08/09 22:56",88,88,1567,1567,75,75,9141,9141,0,0
"2020/08/09 22:57",0,0,1533,1533,25,25,1224,1224,0,0
"2020/08/09 22:58",88,88,1559,1559,75,75,322,322,0,0
"2020/08/09 22:59",27,27,1492,1492,25,25,4859,4859,0,0
"2020/08/09 23:00",88,88,1312,1312,75,75,2837,2837,0,0
"2020/08/09 23:01",32,32,2057,2057,25,25,10053,10053,0,0
"2020/08/09 23:02",88,88,1303,1303,75,75,326,326,0,0
"2020/08/09 23:03",32,32,2464,2464,25,25,1228,1228,0,0
"2020/08/09 23:04",56,56,1290,1290,75,75,325,325,0,0
"2020/08/09 23:05",57,57,1521,1521,25,25,1246,1246,0,0
"2020/08/09 23:06",56,56,1567,1567,75,75,9082,9082,0,0
"2020/08/09 23:07",57,57,1526,1526,25,25,1280,1280,0,0
"2020/08/09 23:08",56,56,1568,1568,75,75,319,319,0,0
"2020/08/09 23:09",32,32,2169,2169,25,25,1220,1220,0,0
"2020/08/09 23:10",88,88,1291,1291,75,75,320,320,0,0
"2020/08/09 23:11",32,32,3733,3733,25,25,8866,8866,0,0
"2020/08/09 23:12",88,88,1288,1288,75,75,3387,3387,0,0
"2020/08/09 23:13",32,32,3727,3727,25,25,5745,5745,0,0
"2020/08/09 23:14",88,88,1289,1289,75,75,3058,3058,0,0
"2020/08/09 23:15",32,32,1513,1513,25,25,1219,1219,0,0
"2020/08/09 23:16",56,56,1565,1565,75,75,4663,4663,0,0
"2020/08/09 23:17",57,57,1497,1497,25,25,5243,5243,0,0
"2020/08/09 23:18",56,56,1604,1604,75,75,774,774,0,0
"2020/08/09 23:19",57,57,1487,1487,25,25,4343,4343,0,0
"2020/08/09 23:20",56,56,1312,1312,75,75,835,835,0,0
"2020/08/09 23:21",57,57,1796,1796,25,25,4218,4218,0,0
"2020/08/09 23:22",56,56,1291,1291,75,75,6216,6216,0,0
"2020/08/09 23:23",32,32,1807,1807,25,25,836,836,0,0
"2020/08/09 23:24",88,88,1278,1278,75,75,704,704,0,0
"2020/08/09 23:25",32,32,1487,1487,25,25,768,768,0,0
"2020/08/09 23:26",88,88,1597,1597,75,75,766,766,0,0
"2020/08/09 23:27",32,32,1494,1494,25,25,9599,9599,0,0
"2020/08/09 23:28",88,88,1598,1598,75,75,776,776,0,0
"2020/08/09 23:29",0,0,1517,1517,25,25,766,766,0,0
"2020/08/09 23:30",84,84,1282,1282,75,75,787,787,0,0
"2020/08/09 23:31",32,32,3729,3729,25,25,771,771,0,0
"2020/08/09 23:32",88,88,1290,1290,75,75,9599,9599,0,0
"2020/08/09 23:33",32,32,4396,4396,25,25,4409,4409,0,0
"2020/08/09 23:34",88,88,1296,1296,75,75,789,789,0,0
"2020/08/09 23:35",32,32,1514,1514,25,25,802,802,0,0
"2020/08/09 23:36",69,69,1566,1566,75,75,766,766,0,0
"2020/08/09 23:37",19,19,1486,1486,25,25,9602,9602,0,0
"2020/08/09 23:38",113,113,1602,1602,75,75,773,773,0,0
"2020/08/09 23:39",0,0,1521,1521,25,25,1679,1679,0,0
"2020/08/09 23:40",113,113,1929,1929,75,75,3495,3495,0,0
"2020/08/09 23:41",0,0,1799,1799,25,25,766,766,0,0
"2020/08/09 23:42",63,63,1261,1261,75,75,9573,9573,0,0
"2020/08/09 23:43",61,61,1805,1805,25,25,3539,3539,0,0
"2020/08/09 23:44",63,63,1284,1284,75,75,3481,3481,0,0
"2020/08/09 23:45",63,63,1512,1512,25,25,795,795,0,0
"2020/08/09 23:46",63,63,1571,1571,75,75,745,745,0,0
"2020/08/09 23:47",63,63,1526,1526,25,25,9657,9657,0,0
"2020/08/09 23:48",63,63,1572,1572,75,75,748,748,0,0
"2020/08/09 23:49",31,31,1541,1541,25,25,799,799,0,0
"2020/08/09 23:50",88,88,1265,1265,75,75,743,743,0,0
"2020/08/09 23:51",29,29,3309,3309,25,25,790,790,0,0
"2020/08/09 23:52",35,35,535,535,75,75,9572,9572,0,0
"2020/08/09 23:53",88,88,4918,4918,25,25,4437,4437,0,0
"2020/08/09 23:54",34,34,91,91,75,75,741,741,0,0
"2020/08/09 23:55",376,376,8013,8013,149,149,794,794,0,0
"2020/08/09 23:56",31,31,435,435,75,75,823,823,0,0
"2020/08/09 23:57",86,86,2702,2702,25,25,9592,9592,0,0
"2020/08/09 23:58",2,2,386,386,75,75,803,803,0,0
"2020/08/09 23:59",113,113,2701,2701,25,25,792,792,0,0
"2020/08/10 00:00",255,255,4493,4493,149,149,6978,6978,0,0
"2020/08/10 00:01",108,108,2987,2987,25,25,795,795,0,0
"2020/08/10 00:02",0,0,106,106,75,75,9505,9505,0,0
"2020/08/10 00:03",88,88,3626,3626,25,25,870,870,0,0
"2020/08/10 00:04",32,32,125,125,75,75,747,747,0,0
"2020/08/10 00:05",88,88,2679,2679,25,25,819,819,0,0
"2020/08/10 00:06",32,32,412,412,75,75,744,744,0,0
"2020/08/10 00:07",88,88,2691,2691,25,25,5705,5705,0,0
"2020/08/10 00:08",32,32,412,412,75,75,4657,4657,0,0
"2020/08/10 00:09",88,88,2673,2673,25,25,788,788,0,0
"2020/08/10 00:10",0,0,786,786,75,75,748,748,0,0
"2020/08/10 00:11",113,113,2959,2959,25,25,788,788,0,0
"2020/08/10 00:12",0,0,2057,2057,50,50,5094,5094,0,0
